{"type":"FeatureCollection", "features": [
{"type":"Feature","geometry":{"type":"MultiPolygon","coordinates":[[[[-9.5055,39.42],[-9.5161,39.4129],[-9.5129,39.4106],[-9.5045,39.4138],[-9.5055,39.42]]],[[[-9.3406,39.2919],[-9.3363,39.2928],[-9.3071,39.2898],[-9.2987,39.2838],[-9.2922,39.2886],[-9.2881,39.2977],[-9.2785,39.3006],[-9.2765,39.308],[-9.2714,39.3088],[-9.263,39.3152],[-9.2576,39.3163],[-9.2459,39.3054],[-9.2341,39.3053],[-9.2239,39.3069],[-9.2188,39.3044],[-9.2028,39.303],[-9.196,39.2807],[-9.1884,39.2736],[-9.1887,39.2691],[-9.1972,39.2585],[-9.1962,39.2516],[-9.2024,39.2477],[-9.1988,39.2348],[-9.1938,39.2302],[-9.1865,39.227],[-9.188,39.2206],[-9.183,39.2127],[-9.178,39.2116],[-9.1717,39.2196],[-9.1643,39.2227],[-9.1595,39.2215],[-9.1518,39.2335],[-9.1436,39.2286],[-9.1377,39.2344],[-9.1358,39.2411],[-9.1285,39.245],[-9.1232,39.2507],[-9.1207,39.261],[-9.1231,39.2687],[-9.1185,39.2726],[-9.1129,39.2732],[-9.1062,39.2794],[-9.1052,39.285],[-9.1012,39.2897],[-9.0927,39.2901],[-9.085,39.2965],[-9.0722,39.2994],[-9.0737,39.3022],[-9.0664,39.3099],[-9.0637,39.3077],[-9.0558,39.3113],[-9.0394,39.3103],[-9.031,39.3034],[-9.0265,39.2932],[-9.0153,39.294],[-9.0039,39.2914],[-8.9945,39.2967],[-8.9866,39.3177],[-8.9991,39.3332],[-8.9982,39.3433],[-9.0015,39.3548],[-8.9917,39.3732],[-8.9917,39.3759],[-8.9839,39.3831],[-8.9742,39.3886],[-8.9714,39.3932],[-8.9569,39.3931],[-8.9457,39.3911],[-8.94,39.4057],[-8.9346,39.4131],[-8.9324,39.4232],[-8.923,39.4333],[-8.9173,39.4447],[-8.9034,39.466],[-8.8926,39.4653],[-8.8855,39.4724],[-8.8809,39.4744],[-8.8633,39.4754],[-8.8465,39.4725],[-8.8184,39.478],[-8.8023,39.483],[-8.7889,39.4791],[-8.7719,39.479],[-8.7657,39.4763],[-8.755,39.4763],[-8.7477,39.4802],[-8.7439,39.478],[-8.7297,39.4818],[-8.7352,39.4978],[-8.7429,39.509],[-8.7464,39.5292],[-8.737,39.537],[-8.7282,39.5298],[-8.7145,39.5208],[-8.7054,39.5296],[-8.6952,39.5323],[-8.6901,39.5421],[-8.6876,39.5507],[-8.6715,39.5618],[-8.6851,39.5739],[-8.6895,39.5888],[-8.6875,39.6099],[-8.6919,39.6204],[-8.699,39.6282],[-8.7022,39.636],[-8.7,39.641],[-8.6897,39.6427],[-8.6773,39.6469],[-8.6587,39.6581],[-8.6531,39.6589],[-8.6466,39.664],[-8.6419,39.6743],[-8.646,39.6805],[-8.6424,39.6866],[-8.6372,39.6881],[-8.6347,39.6933],[-8.64,39.7012],[-8.6557,39.7026],[-8.6739,39.7098],[-8.6791,39.7101],[-8.6805,39.7177],[-8.6756,39.7236],[-8.665,39.7247],[-8.6729,39.731],[-8.6815,39.7485],[-8.6788,39.7605],[-8.6804,39.7678],[-8.6763,39.7739],[-8.6601,39.7779],[-8.6439,39.784],[-8.6349,39.7899],[-8.6111,39.7885],[-8.6042,39.7799],[-8.5929,39.7769],[-8.5795,39.7826],[-8.5653,39.7919],[-8.5582,39.7915],[-8.5455,39.7982],[-8.5411,39.8023],[-8.5395,39.8081],[-8.5324,39.8144],[-8.5266,39.8168],[-8.5234,39.8255],[-8.5175,39.8281],[-8.5064,39.815],[-8.5013,39.8178],[-8.501,39.824],[-8.4939,39.8298],[-8.4887,39.8298],[-8.4764,39.8377],[-8.4744,39.8338],[-8.4742,39.8209],[-8.4713,39.8182],[-8.4672,39.8068],[-8.4625,39.8044],[-8.4653,39.7919],[-8.4617,39.7803],[-8.4626,39.7734],[-8.4508,39.7553],[-8.4508,39.7492],[-8.455,39.7444],[-8.4541,39.739],[-8.4491,39.7332],[-8.4438,39.7378],[-8.4321,39.74],[-8.4236,39.7481],[-8.4233,39.7541],[-8.4032,39.7605],[-8.3964,39.7607],[-8.3802,39.7519],[-8.3603,39.7688],[-8.3405,39.7727],[-8.3326,39.7609],[-8.3258,39.7662],[-8.3302,39.7748],[-8.327,39.7773],[-8.3259,39.7878],[-8.3365,39.7999],[-8.3268,39.799],[-8.3219,39.8006],[-8.3053,39.7943],[-8.2907,39.7975],[-8.2851,39.7958],[-8.2841,39.7994],[-8.2917,39.8031],[-8.2929,39.8087],[-8.2846,39.8129],[-8.282,39.8191],[-8.272,39.8195],[-8.2704,39.8247],[-8.2774,39.8368],[-8.2737,39.8431],[-8.2551,39.8425],[-8.2496,39.8459],[-8.2341,39.8466],[-8.2259,39.8558],[-8.2119,39.8504],[-8.1993,39.8568],[-8.1998,39.8649],[-8.1927,39.8702],[-8.1863,39.872],[-8.1885,39.8768],[-8.1857,39.8815],[-8.1716,39.8754],[-8.1671,39.8755],[-8.164,39.8826],[-8.1492,39.8853],[-8.1398,39.8949],[-8.142,39.8986],[-8.1376,39.9099],[-8.1337,39.9146],[-8.1287,39.9257],[-8.1196,39.9302],[-8.1187,39.9341],[-8.123,39.9329],[-8.1327,39.9376],[-8.1318,39.9407],[-8.1235,39.9446],[-8.1204,39.9524],[-8.1129,39.954],[-8.1083,39.9632],[-8.1121,39.967],[-8.11,39.9715],[-8.1151,39.9766],[-8.1196,39.9867],[-8.1253,39.9892],[-8.1372,39.9997],[-8.1439,40.0133],[-8.1542,40.0215],[-8.1568,40.0274],[-8.1521,40.0333],[-8.1531,40.0398],[-8.1485,40.0508],[-8.1478,40.0574],[-8.1426,40.0651],[-8.1437,40.0728],[-8.1517,40.0738],[-8.1619,40.08],[-8.163,40.0832],[-8.1791,40.0897],[-8.1884,40.0794],[-8.194,40.0703],[-8.204,40.0642],[-8.2087,40.0581],[-8.2097,40.0521],[-8.2334,40.0671],[-8.2422,40.0673],[-8.2493,40.0547],[-8.2555,40.0525],[-8.2641,40.0531],[-8.2758,40.0454],[-8.2761,40.0419],[-8.282,40.0364],[-8.2811,40.0308],[-8.288,40.025],[-8.2887,40.0213],[-8.2969,40.0156],[-8.298,40.0094],[-8.2897,39.9986],[-8.2775,39.9899],[-8.2708,39.9894],[-8.2746,39.9797],[-8.2721,39.9754],[-8.2804,39.9677],[-8.2853,39.9655],[-8.307,39.9743],[-8.312,39.9888],[-8.3191,39.9849],[-8.3187,39.9747],[-8.328,39.9693],[-8.3264,39.9639],[-8.3343,39.961],[-8.3345,39.9574],[-8.3518,39.9442],[-8.3555,39.9432],[-8.3593,39.9356],[-8.3734,39.9327],[-8.3738,39.9238],[-8.3816,39.9273],[-8.3858,39.9239],[-8.3971,39.926],[-8.4073,39.9297],[-8.4071,39.9347],[-8.4002,39.9348],[-8.393,39.9377],[-8.3904,39.9512],[-8.3811,39.9514],[-8.3799,39.9554],[-8.3948,39.9749],[-8.4026,39.9791],[-8.3989,39.9882],[-8.4022,40.0009],[-8.426,40.0266],[-8.4299,40.0253],[-8.4368,40.0161],[-8.4248,40.0068],[-8.4333,40.003],[-8.4479,40.0139],[-8.4555,40.0156],[-8.4592,40.0071],[-8.4741,39.9975],[-8.4865,39.9925],[-8.4906,39.9861],[-8.5039,39.9845],[-8.5089,39.9852],[-8.5228,39.9836],[-8.5207,39.9803],[-8.5232,39.9666],[-8.5276,39.9582],[-8.5388,39.9488],[-8.5483,39.9561],[-8.5517,39.9616],[-8.5519,39.9726],[-8.5465,39.9781],[-8.5489,39.9844],[-8.5492,39.9965],[-8.5516,40.0091],[-8.5524,40.024],[-8.5626,40.0282],[-8.5895,40.0281],[-8.5927,40.024],[-8.5983,40.0225],[-8.6022,40.0116],[-8.6119,40.0014],[-8.6162,39.9916],[-8.6429,39.9904],[-8.6423,39.9995],[-8.6447,40.0024],[-8.6401,40.0097],[-8.6522,40.0115],[-8.6599,40.0166],[-8.6664,40.0164],[-8.6743,40.0295],[-8.6907,40.0266],[-8.6956,40.0298],[-8.7029,40.0275],[-8.7168,40.0308],[-8.7334,40.0319],[-8.7432,40.0358],[-8.7625,40.0412],[-8.7843,40.0363],[-8.7976,40.0214],[-8.8005,40.0126],[-8.8153,40.0165],[-8.8185,40.0209],[-8.8255,40.0218],[-8.8388,40.0283],[-8.8493,40.0233],[-8.8686,40.0234],[-8.8666,40.0268],[-8.8706,40.0348],[-8.8815,40.0405],[-8.8949,40.0455],[-8.9057,40.0233],[-8.9168,39.9976],[-8.931,39.9684],[-8.9407,39.9453],[-8.9543,39.92],[-8.955,39.915],[-8.9719,39.8784],[-8.9822,39.8588],[-8.9876,39.8465],[-9.0018,39.8182],[-9.0167,39.7915],[-9.0187,39.7862],[-9.0296,39.7692],[-9.0329,39.7554],[-9.0377,39.7474],[-9.0512,39.7186],[-9.0494,39.7137],[-9.0518,39.7073],[-9.0508,39.7013],[-9.0575,39.6878],[-9.0653,39.6646],[-9.0726,39.651],[-9.0733,39.6465],[-9.0806,39.6315],[-9.0855,39.6148],[-9.085,39.6051],[-9.0756,39.6027],[-9.0748,39.5918],[-9.1051,39.5558],[-9.1175,39.5427],[-9.1254,39.5377],[-9.1287,39.5287],[-9.1411,39.5205],[-9.142,39.515],[-9.1355,39.5083],[-9.1376,39.5046],[-9.1455,39.503],[-9.1478,39.5097],[-9.1536,39.5095],[-9.1626,39.5041],[-9.1718,39.5009],[-9.1713,39.4976],[-9.1809,39.4915],[-9.1852,39.4851],[-9.197,39.4743],[-9.2037,39.4731],[-9.2039,39.4676],[-9.2176,39.4477],[-9.227,39.4365],[-9.2555,39.4147],[-9.2746,39.4016],[-9.2881,39.3932],[-9.3134,39.3795],[-9.3234,39.3756],[-9.3346,39.3736],[-9.3414,39.3663],[-9.3469,39.3635],[-9.3589,39.3604],[-9.3675,39.3619],[-9.3736,39.3675],[-9.3893,39.3711],[-9.3973,39.3704],[-9.404,39.3668],[-9.4088,39.3591],[-9.3945,39.3532],[-9.3789,39.3527],[-9.3759,39.3491],[-9.3674,39.3503],[-9.361,39.3403],[-9.358,39.3206],[-9.3486,39.3139],[-9.3454,39.303],[-9.3406,39.2919]]]]},"properties":{"name":"LEIRIA"}},
{"type":"Feature","geometry":{"type":"Polygon","coordinates":[[[-8.784,40.5204],[-8.7669,40.5101],[-8.736,40.4862],[-8.7297,40.4786],[-8.7207,40.4745],[-8.714,40.4673],[-8.7018,40.4592],[-8.6778,40.4349],[-8.663,40.4286],[-8.6479,40.4241],[-8.6346,40.4268],[-8.6312,40.4344],[-8.6333,40.446],[-8.6333,40.4562],[-8.6316,40.4658],[-8.6259,40.4718],[-8.6206,40.4821],[-8.6151,40.4854],[-8.6076,40.4818],[-8.5853,40.4796],[-8.5812,40.4719],[-8.5768,40.4686],[-8.5726,40.4584],[-8.5711,40.4506],[-8.5782,40.4428],[-8.5798,40.4208],[-8.5794,40.4124],[-8.5724,40.4003],[-8.5532,40.4049],[-8.5418,40.4065],[-8.5347,40.4116],[-8.5228,40.4164],[-8.5177,40.4205],[-8.507,40.421],[-8.5047,40.4191],[-8.5081,40.4075],[-8.5048,40.4001],[-8.4986,40.4001],[-8.483,40.3888],[-8.4813,40.3855],[-8.4842,40.3801],[-8.4822,40.3753],[-8.4873,40.3687],[-8.4833,40.3628],[-8.4918,40.3457],[-8.4904,40.3383],[-8.4859,40.332],[-8.485,40.3153],[-8.5138,40.3123],[-8.5299,40.3157],[-8.5255,40.2996],[-8.5259,40.294],[-8.5094,40.2893],[-8.4928,40.2904],[-8.4882,40.2922],[-8.4776,40.2884],[-8.4685,40.2888],[-8.4675,40.2828],[-8.46,40.279],[-8.4544,40.2792],[-8.4476,40.2893],[-8.4464,40.2985],[-8.4494,40.309],[-8.4486,40.3176],[-8.4294,40.3237],[-8.4096,40.3239],[-8.4091,40.3309],[-8.4013,40.3419],[-8.404,40.3499],[-8.3942,40.3476],[-8.3753,40.3413],[-8.3697,40.3448],[-8.3579,40.3474],[-8.3547,40.3619],[-8.3562,40.3672],[-8.3592,40.369],[-8.3584,40.3756],[-8.3542,40.3852],[-8.3545,40.3954],[-8.3502,40.3969],[-8.3549,40.4089],[-8.3458,40.4105],[-8.3381,40.4188],[-8.3445,40.4249],[-8.335,40.4341],[-8.3264,40.44],[-8.3176,40.4412],[-8.3199,40.4505],[-8.319,40.4574],[-8.3346,40.4753],[-8.3356,40.4811],[-8.3303,40.493],[-8.325,40.4918],[-8.2994,40.4991],[-8.289,40.5069],[-8.2828,40.5092],[-8.2736,40.5077],[-8.2639,40.5035],[-8.2599,40.5071],[-8.2501,40.5112],[-8.2504,40.5148],[-8.2607,40.5224],[-8.2639,40.5292],[-8.2731,40.537],[-8.2785,40.536],[-8.2853,40.5397],[-8.2864,40.5502],[-8.2891,40.5595],[-8.2892,40.5688],[-8.2995,40.5778],[-8.3013,40.5841],[-8.3084,40.5964],[-8.3033,40.6016],[-8.2903,40.6057],[-8.2748,40.6049],[-8.2649,40.6099],[-8.2498,40.6118],[-8.2454,40.6164],[-8.26,40.6252],[-8.2799,40.6331],[-8.2839,40.6304],[-8.2932,40.6337],[-8.2955,40.6378],[-8.2948,40.6457],[-8.2888,40.669],[-8.2917,40.6689],[-8.2981,40.6758],[-8.299,40.6817],[-8.2966,40.6902],[-8.2976,40.6943],[-8.3067,40.6925],[-8.3101,40.6953],[-8.3138,40.7038],[-8.3212,40.7056],[-8.3263,40.7112],[-8.3236,40.7195],[-8.3273,40.7268],[-8.3316,40.7298],[-8.3336,40.737],[-8.3197,40.7429],[-8.3092,40.7425],[-8.3034,40.7461],[-8.2878,40.7517],[-8.2744,40.762],[-8.2691,40.7673],[-8.2632,40.7833],[-8.255,40.7914],[-8.2571,40.7984],[-8.2434,40.8073],[-8.2368,40.8275],[-8.2495,40.8495],[-8.2551,40.8559],[-8.2315,40.8647],[-8.2219,40.8576],[-8.2146,40.8548],[-8.2053,40.8481],[-8.1905,40.8461],[-8.1779,40.8576],[-8.1659,40.8659],[-8.1492,40.8552],[-8.1428,40.8543],[-8.1354,40.8498],[-8.1249,40.8495],[-8.1064,40.8552],[-8.103,40.8669],[-8.1101,40.8736],[-8.1111,40.882],[-8.1159,40.8867],[-8.1156,40.8903],[-8.1246,40.8944],[-8.128,40.8982],[-8.1248,40.9036],[-8.1245,40.911],[-8.1204,40.9179],[-8.1229,40.9249],[-8.1272,40.9284],[-8.132,40.942],[-8.1315,40.9506],[-8.122,40.955],[-8.1153,40.9656],[-8.1042,40.9738],[-8.1002,40.98],[-8.0892,40.9876],[-8.0921,40.9977],[-8.0911,41.009],[-8.0991,41.0134],[-8.1038,41.0021],[-8.1185,40.9971],[-8.1188,40.9928],[-8.124,40.9847],[-8.1331,40.9787],[-8.1429,40.9786],[-8.1609,40.9895],[-8.1648,40.9861],[-8.1781,40.9882],[-8.192,40.9972],[-8.1963,40.9978],[-8.207,40.9943],[-8.2118,41.0031],[-8.2056,41.0086],[-8.208,41.0135],[-8.216,41.0123],[-8.2243,41.0161],[-8.2289,41.0139],[-8.2372,41.0178],[-8.2336,41.0234],[-8.2349,41.0283],[-8.23,41.0359],[-8.2315,41.0472],[-8.2374,41.0479],[-8.2371,41.0577],[-8.2404,41.06],[-8.2521,41.0588],[-8.264,41.0659],[-8.2686,41.0642],[-8.2799,41.0674],[-8.2872,41.0789],[-8.2941,41.0801],[-8.2983,41.077],[-8.3007,41.0697],[-8.3147,41.0584],[-8.3258,41.0584],[-8.3336,41.0533],[-8.3428,41.0429],[-8.3522,41.0401],[-8.3584,41.0422],[-8.3685,41.0501],[-8.3814,41.0493],[-8.3944,41.0508],[-8.3986,41.0486],[-8.3985,41.0401],[-8.4009,41.0332],[-8.396,41.0271],[-8.3834,41.0235],[-8.3856,41.0198],[-8.3842,41.0037],[-8.3889,41.0045],[-8.3968,41.0124],[-8.4152,41.0151],[-8.4266,41.0207],[-8.433,41.0292],[-8.4284,41.0366],[-8.4331,41.0389],[-8.4431,41.0494],[-8.4487,41.0535],[-8.4527,41.0458],[-8.46,41.0452],[-8.4738,41.0511],[-8.4863,41.0526],[-8.4896,41.0492],[-8.4926,41.0396],[-8.4757,41.034],[-8.4775,41.0248],[-8.4919,41.0221],[-8.4892,41.0134],[-8.4951,41.0108],[-8.5056,41.0093],[-8.5144,41.0147],[-8.5203,41.0254],[-8.5279,41.0361],[-8.5362,41.0361],[-8.5456,41.0337],[-8.555,41.0265],[-8.5541,41.0231],[-8.5572,41.0156],[-8.5661,41.0138],[-8.5888,41.0137],[-8.5949,41.0146],[-8.606,41.0257],[-8.6183,41.0202],[-8.6311,41.0183],[-8.6357,41.0152],[-8.645,41.016],[-8.6469,41.01],[-8.6464,40.9959],[-8.6506,40.9715],[-8.6563,40.9577],[-8.6571,40.949],[-8.6616,40.9324],[-8.6607,40.9292],[-8.6658,40.9116],[-8.6675,40.9028],[-8.6726,40.8868],[-8.6789,40.8734],[-8.6789,40.8669],[-8.6869,40.8418],[-8.6955,40.818],[-8.6968,40.8124],[-8.707,40.785],[-8.708,40.7795],[-8.7203,40.7434],[-8.7388,40.6967],[-8.7433,40.6805],[-8.7514,40.6565],[-8.7563,40.6472],[-8.7491,40.6443],[-8.7494,40.6352],[-8.752,40.6223],[-8.7644,40.5871],[-8.7714,40.5615],[-8.7764,40.5487],[-8.784,40.5204]]]},"properties":{"name":"AVEIRO"}},
{"type":"Feature","geometry":{"type":"Polygon","coordinates":[[[-9.3406,39.2919],[-9.3356,39.2755],[-9.3366,39.2632],[-9.3414,39.2446],[-9.3404,39.2255],[-9.3456,39.2105],[-9.3462,39.2044],[-9.3521,39.1906],[-9.358,39.1805],[-9.36,39.1703],[-9.3672,39.1605],[-9.375,39.1456],[-9.3862,39.1324],[-9.3943,39.1205],[-9.3946,39.112],[-9.4148,39.0883],[-9.4146,39.0863],[-9.422,39.0747],[-9.4162,39.0636],[-9.4153,39.0569],[-9.4179,39.0509],[-9.4161,39.0436],[-9.4196,39.0356],[-9.4188,39.0324],[-9.4241,39.0238],[-9.425,39.0191],[-9.4219,39.012],[-9.4266,39.008],[-9.4277,39.0019],[-9.4257,38.996],[-9.4192,38.9872],[-9.4227,38.9794],[-9.4203,38.9766],[-9.4189,38.9626],[-9.4163,38.9597],[-9.4153,38.9461],[-9.4207,38.9344],[-9.4262,38.9185],[-9.4312,38.9121],[-9.4381,38.896],[-9.4394,38.8873],[-9.4441,38.88],[-9.4442,38.8746],[-9.4514,38.8671],[-9.4492,38.8639],[-9.4557,38.8511],[-9.4666,38.8365],[-9.4712,38.8252],[-9.4804,38.8104],[-9.4841,38.8076],[-9.4845,38.8024],[-9.4891,38.8007],[-9.4923,38.7903],[-9.5005,38.7807],[-9.4958,38.7763],[-9.495,38.7684],[-9.4918,38.7639],[-9.4764,38.7548],[-9.472,38.7502],[-9.4736,38.7397],[-9.4721,38.7368],[-9.48,38.7189],[-9.4859,38.712],[-9.4861,38.7081],[-9.4595,38.6949],[-9.4397,38.6958],[-9.4271,38.6896],[-9.4179,38.69],[-9.4137,38.6932],[-9.418,38.6992],[-9.4055,38.7036],[-9.3922,38.702],[-9.3746,38.6939],[-9.3691,38.6933],[-9.3588,38.6866],[-9.3308,38.6777],[-9.3258,38.6735],[-9.3187,38.6749],[-9.3142,38.6832],[-9.3053,38.6853],[-9.2913,38.6944],[-9.279,38.6987],[-9.2708,38.6979],[-9.2579,38.6999],[-9.2418,38.6988],[-9.2348,38.6947],[-9.23,38.6947],[-9.2379,38.6826],[-9.2296,38.68],[-9.2078,38.6815],[-9.1958,38.689],[-9.183,38.6923],[-9.1708,38.6923],[-9.16,38.6955],[-9.1465,38.6944],[-9.1358,38.6977],[-9.1276,38.7029],[-9.1158,38.7077],[-9.0998,38.7249],[-9.09,38.7546],[-9.09,38.7663],[-9.0863,38.7962],[-9.0734,38.8117],[-9.0475,38.8314],[-9.0386,38.8435],[-9.0296,38.8578],[-9.0285,38.8484],[-9.0232,38.8366],[-9.02,38.825],[-9.0165,38.8279],[-9.009,38.811],[-9.0049,38.8144],[-9.001,38.8082],[-8.9991,38.7993],[-8.9959,38.7933],[-8.9758,38.8146],[-8.9685,38.8278],[-8.9634,38.8371],[-8.9584,38.8413],[-8.9475,38.8466],[-8.9403,38.8553],[-8.9367,38.8629],[-8.9278,38.8731],[-8.9192,38.8793],[-8.9119,38.8877],[-8.9101,38.8945],[-8.9118,38.9021],[-8.9053,38.9128],[-8.8942,38.9209],[-8.8907,38.9279],[-8.8943,38.9332],[-8.8932,38.9408],[-8.8872,38.9475],[-8.87,38.951],[-8.8633,38.9551],[-8.8509,38.9596],[-8.8557,38.9648],[-8.8766,38.9695],[-8.8767,38.9748],[-8.8636,38.9796],[-8.8647,38.9895],[-8.8594,39.0001],[-8.8471,39.0109],[-8.8479,39.0186],[-8.8602,39.0251],[-8.8604,39.0289],[-8.8427,39.0299],[-8.8256,39.0278],[-8.8148,39.0325],[-8.8085,39.0451],[-8.801,39.0539],[-8.7942,39.057],[-8.7819,39.0584],[-8.7938,39.0796],[-8.8052,39.0905],[-8.7978,39.0958],[-8.8041,39.0992],[-8.8076,39.1045],[-8.8258,39.1156],[-8.8297,39.1119],[-8.8447,39.1162],[-8.86,39.128],[-8.8675,39.1283],[-8.8733,39.1325],[-8.8793,39.1417],[-8.8816,39.1489],[-8.8898,39.1532],[-8.893,39.1585],[-8.9044,39.1624],[-8.9131,39.1721],[-8.9118,39.1746],[-8.9012,39.1715],[-8.8938,39.1762],[-8.8913,39.1835],[-8.8845,39.1868],[-8.8718,39.1875],[-8.8606,39.1826],[-8.8552,39.1787],[-8.8467,39.183],[-8.8415,39.1806],[-8.8355,39.1849],[-8.83,39.1854],[-8.8223,39.1897],[-8.8195,39.1968],[-8.8206,39.2046],[-8.8295,39.2157],[-8.8353,39.2253],[-8.8411,39.2236],[-8.8515,39.228],[-8.8608,39.2297],[-8.8656,39.2333],[-8.8728,39.2429],[-8.8753,39.2505],[-8.8829,39.2512],[-8.8937,39.2486],[-8.8951,39.2452],[-8.9031,39.2435],[-8.9116,39.2349],[-8.919,39.2405],[-8.9253,39.2375],[-8.9375,39.2399],[-8.9388,39.242],[-8.9514,39.2482],[-8.9627,39.2555],[-8.9752,39.2505],[-8.9813,39.2494],[-8.9839,39.2535],[-8.9791,39.274],[-8.9752,39.2871],[-8.9837,39.2869],[-8.9901,39.2905],[-8.9945,39.2967],[-9.0039,39.2914],[-9.0153,39.294],[-9.0265,39.2932],[-9.031,39.3034],[-9.0394,39.3103],[-9.0558,39.3113],[-9.0637,39.3077],[-9.0664,39.3099],[-9.0737,39.3022],[-9.0722,39.2994],[-9.085,39.2965],[-9.0927,39.2901],[-9.1012,39.2897],[-9.1052,39.285],[-9.1062,39.2794],[-9.1129,39.2732],[-9.1185,39.2726],[-9.1231,39.2687],[-9.1207,39.261],[-9.1232,39.2507],[-9.1285,39.245],[-9.1358,39.2411],[-9.1377,39.2344],[-9.1436,39.2286],[-9.1518,39.2335],[-9.1595,39.2215],[-9.1643,39.2227],[-9.1717,39.2196],[-9.178,39.2116],[-9.183,39.2127],[-9.188,39.2206],[-9.1865,39.227],[-9.1938,39.2302],[-9.1988,39.2348],[-9.2024,39.2477],[-9.1962,39.2516],[-9.1972,39.2585],[-9.1887,39.2691],[-9.1884,39.2736],[-9.196,39.2807],[-9.2028,39.303],[-9.2188,39.3044],[-9.2239,39.3069],[-9.2341,39.3053],[-9.2459,39.3054],[-9.2576,39.3163],[-9.263,39.3152],[-9.2714,39.3088],[-9.2765,39.308],[-9.2785,39.3006],[-9.2881,39.2977],[-9.2922,39.2886],[-9.2987,39.2838],[-9.3071,39.2898],[-9.3363,39.2928],[-9.3406,39.2919]]]},"properties":{"name":"LISBOA"}},
{"type":"Feature","geometry":{"type":"Polygon","coordinates":[[[-8.7764,41.472],[-8.7688,41.4687],[-8.7526,41.4661],[-8.7463,41.4686],[-8.7395,41.4606],[-8.7295,41.4536],[-8.7198,41.4553],[-8.7123,41.4545],[-8.7008,41.4422],[-8.6832,41.4492],[-8.6681,41.4446],[-8.6574,41.4363],[-8.6507,41.4247],[-8.6501,41.4197],[-8.6403,41.4176],[-8.6347,41.4187],[-8.6293,41.414],[-8.6228,41.4146],[-8.6225,41.4099],[-8.6135,41.4082],[-8.6052,41.4127],[-8.598,41.4027],[-8.5907,41.4],[-8.5923,41.395],[-8.5998,41.3919],[-8.6087,41.3907],[-8.6229,41.3839],[-8.6214,41.3764],[-8.6154,41.3645],[-8.6152,41.3565],[-8.6112,41.3469],[-8.6106,41.3411],[-8.6031,41.3391],[-8.6024,41.3456],[-8.5687,41.3463],[-8.5604,41.3444],[-8.5502,41.3479],[-8.5372,41.343],[-8.5289,41.3466],[-8.5184,41.3457],[-8.5142,41.3494],[-8.5173,41.354],[-8.5081,41.3626],[-8.5029,41.3635],[-8.5015,41.3683],[-8.49,41.37],[-8.4841,41.3683],[-8.4752,41.3724],[-8.4681,41.3712],[-8.4551,41.3756],[-8.4493,41.374],[-8.4406,41.3635],[-8.4315,41.363],[-8.4231,41.3658],[-8.4124,41.3754],[-8.3994,41.3843],[-8.3885,41.3813],[-8.3956,41.3688],[-8.3937,41.362],[-8.3765,41.366],[-8.3756,41.3624],[-8.3572,41.3651],[-8.3453,41.3714],[-8.3427,41.3756],[-8.3355,41.3745],[-8.3261,41.3769],[-8.3281,41.3658],[-8.3231,41.3583],[-8.318,41.356],[-8.3164,41.3513],[-8.3099,41.3499],[-8.3037,41.3431],[-8.2899,41.3433],[-8.2871,41.3415],[-8.2784,41.3458],[-8.2771,41.3566],[-8.2743,41.3649],[-8.2781,41.3687],[-8.27,41.3712],[-8.2658,41.3773],[-8.2598,41.3786],[-8.255,41.3847],[-8.244,41.393],[-8.2346,41.3928],[-8.2287,41.3952],[-8.2228,41.3932],[-8.2204,41.3977],[-8.224,41.4061],[-8.223,41.4099],[-8.2154,41.4119],[-8.2006,41.4088],[-8.1855,41.41],[-8.1805,41.4025],[-8.1757,41.3993],[-8.1658,41.4003],[-8.1599,41.3921],[-8.1588,41.3812],[-8.1404,41.3784],[-8.1384,41.3742],[-8.1427,41.3716],[-8.1461,41.3642],[-8.1436,41.3597],[-8.1378,41.3605],[-8.1308,41.3553],[-8.1301,41.3486],[-8.1197,41.3432],[-8.1155,41.3464],[-8.1086,41.3404],[-8.0957,41.3383],[-8.0905,41.3355],[-8.0865,41.3293],[-8.0802,41.331],[-8.0771,41.3381],[-8.07,41.3433],[-8.0654,41.3433],[-8.0577,41.3331],[-8.049,41.3318],[-8.0464,41.3266],[-8.0357,41.3188],[-8.029,41.3191],[-8.02,41.3245],[-8.0216,41.3291],[-8.0121,41.3304],[-8.0038,41.342],[-7.9978,41.3426],[-7.9896,41.3466],[-7.9874,41.3564],[-7.9809,41.3618],[-7.9811,41.366],[-7.9742,41.3752],[-7.9696,41.381],[-7.9673,41.3893],[-7.972,41.3927],[-7.977,41.3903],[-7.9811,41.3944],[-7.9666,41.4001],[-7.963,41.4039],[-7.9667,41.4121],[-7.9417,41.43],[-7.9374,41.4459],[-7.9438,41.4526],[-7.9387,41.4606],[-7.937,41.4713],[-7.9382,41.4774],[-7.9257,41.4888],[-7.9148,41.4918],[-7.9101,41.4885],[-7.9026,41.4893],[-7.8945,41.4999],[-7.8978,41.5049],[-7.8963,41.5107],[-7.8886,41.509],[-7.8717,41.5096],[-7.8614,41.5118],[-7.864,41.5244],[-7.8529,41.5272],[-7.8506,41.5325],[-7.8445,41.5336],[-7.8378,41.5393],[-7.8418,41.5417],[-7.8359,41.5473],[-7.8393,41.5533],[-7.8326,41.5569],[-7.822,41.5559],[-7.8183,41.5639],[-7.8138,41.5653],[-7.8107,41.5733],[-7.8162,41.5813],[-7.8151,41.5854],[-7.82,41.5878],[-7.8295,41.6022],[-7.8394,41.6109],[-7.8509,41.6151],[-7.8573,41.6014],[-7.8632,41.5995],[-7.8659,41.5955],[-7.8794,41.5882],[-7.8837,41.5881],[-7.8908,41.5933],[-7.9003,41.5873],[-7.9056,41.587],[-7.9232,41.5912],[-7.9321,41.5953],[-7.9411,41.5946],[-7.9467,41.5961],[-7.9527,41.5931],[-7.9625,41.6021],[-7.9665,41.6039],[-7.987,41.6008],[-7.9966,41.6031],[-7.9996,41.6081],[-8.003,41.6209],[-8.0012,41.6409],[-7.9977,41.6424],[-7.994,41.6506],[-7.9989,41.6533],[-7.9947,41.6636],[-7.9888,41.6665],[-7.9817,41.6777],[-7.9844,41.6815],[-7.9941,41.6865],[-8.0096,41.6906],[-8.0177,41.6891],[-8.0247,41.698],[-8.0389,41.7006],[-8.048,41.6928],[-8.0653,41.6918],[-8.0738,41.6955],[-8.0809,41.6952],[-8.0863,41.6924],[-8.1124,41.6878],[-8.1185,41.6923],[-8.109,41.7019],[-8.0943,41.7074],[-8.0878,41.7132],[-8.0817,41.7251],[-8.0822,41.7313],[-8.0765,41.7498],[-8.0611,41.7626],[-8.0636,41.7737],[-8.0606,41.7773],[-8.0642,41.7861],[-8.0609,41.7872],[-8.0573,41.7981],[-8.0487,41.7997],[-8.0451,41.8039],[-8.0451,41.8104],[-8.0512,41.8195],[-8.0577,41.8157],[-8.0655,41.8174],[-8.0727,41.8135],[-8.0939,41.808],[-8.1045,41.8118],[-8.121,41.8114],[-8.1309,41.8089],[-8.1543,41.818],[-8.165,41.8181],[-8.1687,41.8072],[-8.1767,41.8081],[-8.1835,41.8128],[-8.1899,41.8099],[-8.1967,41.8122],[-8.2056,41.8042],[-8.214,41.8023],[-8.2217,41.7946],[-8.2317,41.7874],[-8.2406,41.7889],[-8.2454,41.7829],[-8.2609,41.7784],[-8.271,41.7714],[-8.2915,41.7819],[-8.2975,41.7779],[-8.2993,41.7684],[-8.3068,41.7612],[-8.322,41.764],[-8.3367,41.7646],[-8.3497,41.7598],[-8.3645,41.7629],[-8.3712,41.7706],[-8.3749,41.7704],[-8.3826,41.7614],[-8.3946,41.7611],[-8.3988,41.7578],[-8.4142,41.759],[-8.4306,41.7536],[-8.4372,41.7478],[-8.4541,41.7407],[-8.4542,41.7357],[-8.4615,41.7322],[-8.486,41.7272],[-8.4878,41.7297],[-8.4873,41.7398],[-8.4935,41.7415],[-8.5018,41.7384],[-8.5059,41.7336],[-8.5183,41.7263],[-8.5137,41.7213],[-8.5176,41.6973],[-8.5218,41.6796],[-8.5302,41.6805],[-8.5356,41.6737],[-8.5429,41.6714],[-8.5474,41.6633],[-8.5422,41.6612],[-8.5372,41.6535],[-8.5374,41.6468],[-8.5427,41.6377],[-8.5407,41.6313],[-8.5524,41.6271],[-8.565,41.6253],[-8.5773,41.643],[-8.5851,41.6439],[-8.5917,41.6415],[-8.5989,41.636],[-8.6041,41.6343],[-8.6164,41.644],[-8.6281,41.6432],[-8.6286,41.6508],[-8.6433,41.6544],[-8.6478,41.6452],[-8.6463,41.6328],[-8.6505,41.6316],[-8.664,41.6423],[-8.6791,41.6394],[-8.6964,41.6407],[-8.702,41.638],[-8.7049,41.6331],[-8.7119,41.6344],[-8.7242,41.6338],[-8.7324,41.6217],[-8.742,41.6191],[-8.7482,41.6249],[-8.7567,41.6215],[-8.7568,41.6144],[-8.7732,41.6138],[-8.7758,41.616],[-8.8014,41.6065],[-8.8116,41.6116],[-8.8085,41.6062],[-8.8064,41.5879],[-8.8046,41.5814],[-8.7991,41.5716],[-8.7994,41.5657],[-8.7955,41.5573],[-8.7939,41.544],[-8.7908,41.5336],[-8.7927,41.5269],[-8.787,41.5137],[-8.7909,41.5021],[-8.7859,41.4951],[-8.7849,41.4896],[-8.7774,41.4813],[-8.7764,41.472]]]},"properties":{"name":"BRAGA"}},
{"type":"Feature","geometry":{"type":"Polygon","coordinates":[[[-7.5417,39.6637],[-7.5338,39.6672],[-7.5209,39.6661],[-7.4971,39.6653],[-7.4918,39.6658],[-7.4752,39.6627],[-7.4542,39.6622],[-7.4397,39.6588],[-7.4314,39.6537],[-7.4164,39.6488],[-7.4013,39.6462],[-7.3918,39.6497],[-7.3752,39.6508],[-7.3517,39.6457],[-7.337,39.6411],[-7.3312,39.641],[-7.3184,39.6485],[-7.3047,39.6529],[-7.2926,39.6556],[-7.2839,39.6613],[-7.272,39.6627],[-7.2515,39.6668],[-7.2463,39.6666],[-7.2189,39.6603],[-7.2015,39.6622],[-7.1939,39.6602],[-7.1633,39.6558],[-7.1513,39.6531],[-7.1428,39.6538],[-7.128,39.6627],[-7.1041,39.6642],[-7.0987,39.6626],[-7.0888,39.6633],[-7.0732,39.6582],[-7.055,39.6595],[-7.0369,39.6659],[-7.0155,39.6704],[-7.0133,39.6793],[-7.0077,39.684],[-7.0054,39.7017],[-6.9997,39.7137],[-6.9953,39.7166],[-6.9937,39.7218],[-6.9877,39.7285],[-6.9932,39.7308],[-6.9918,39.7351],[-6.9938,39.7415],[-6.9898,39.7522],[-6.9872,39.7537],[-6.9872,39.7632],[-6.9833,39.7686],[-6.9769,39.772],[-6.9782,39.7793],[-6.9817,39.7819],[-6.9835,39.7907],[-6.9895,39.7947],[-6.9868,39.7976],[-6.9872,39.81],[-6.9808,39.8201],[-6.9751,39.8195],[-6.9705,39.8252],[-6.9582,39.8238],[-6.948,39.8279],[-6.944,39.8356],[-6.9353,39.8383],[-6.9361,39.8426],[-6.9315,39.8522],[-6.9247,39.8575],[-6.9143,39.8588],[-6.9036,39.8707],[-6.9041,39.8765],[-6.902,39.8866],[-6.906,39.8903],[-6.8992,39.9016],[-6.9022,39.9053],[-6.9001,39.912],[-6.9042,39.9168],[-6.9066,39.9238],[-6.9014,39.9306],[-6.8921,39.9331],[-6.891,39.9372],[-6.8855,39.9401],[-6.8847,39.9549],[-6.8886,39.9603],[-6.8878,39.9645],[-6.88,39.9732],[-6.8867,39.9794],[-6.8758,39.9923],[-6.8727,39.999],[-6.8736,40.0078],[-6.8663,40.0095],[-6.8667,40.0152],[-6.8756,40.017],[-6.8743,40.0239],[-6.8825,40.0334],[-6.8809,40.0417],[-6.8971,40.0534],[-6.8933,40.061],[-6.9023,40.0611],[-6.9079,40.0662],[-6.9179,40.0681],[-6.9188,40.0827],[-6.9208,40.0871],[-6.9312,40.0954],[-6.9335,40.1033],[-6.9426,40.1036],[-6.9408,40.1118],[-6.9479,40.11],[-6.9542,40.1156],[-6.9588,40.1113],[-6.9623,40.1171],[-6.9692,40.1149],[-6.9866,40.1191],[-6.9992,40.119],[-7.007,40.1249],[-7.0189,40.1426],[-7.0144,40.158],[-7.0217,40.167],[-7.0178,40.1701],[-7.0165,40.1765],[-7.0213,40.1805],[-7.0299,40.184],[-7.0283,40.1909],[-7.0203,40.1959],[-7.0185,40.207],[-7.0154,40.2155],[-7.0089,40.2273],[-6.9985,40.2352],[-6.9876,40.2368],[-6.9791,40.2407],[-6.9731,40.2367],[-6.9625,40.2387],[-6.9615,40.243],[-6.9544,40.2492],[-6.9514,40.2576],[-6.962,40.2681],[-6.965,40.2667],[-6.9738,40.271],[-6.9832,40.2726],[-6.9866,40.2775],[-6.9973,40.2813],[-7.0005,40.2807],[-7.0139,40.2901],[-7.0229,40.2901],[-7.0215,40.2836],[-7.0323,40.2783],[-7.04,40.2804],[-7.0516,40.2801],[-7.0591,40.2764],[-7.0666,40.2764],[-7.0752,40.279],[-7.0836,40.2785],[-7.0937,40.2844],[-7.0868,40.2901],[-7.0981,40.3059],[-7.098,40.3149],[-7.1023,40.3206],[-7.1119,40.3246],[-7.1174,40.3234],[-7.1247,40.3174],[-7.1313,40.3091],[-7.1355,40.295],[-7.133,40.2906],[-7.136,40.2829],[-7.1511,40.2764],[-7.1605,40.2691],[-7.1686,40.2678],[-7.1736,40.2755],[-7.1789,40.2736],[-7.183,40.2773],[-7.1979,40.2837],[-7.2056,40.2858],[-7.2157,40.2849],[-7.2248,40.2785],[-7.2357,40.262],[-7.2438,40.2591],[-7.2575,40.2675],[-7.2736,40.2657],[-7.2852,40.2723],[-7.2968,40.2715],[-7.3091,40.2791],[-7.3191,40.2807],[-7.3326,40.2939],[-7.3249,40.2954],[-7.314,40.3037],[-7.3093,40.3027],[-7.2867,40.325],[-7.286,40.3303],[-7.2758,40.3394],[-7.2734,40.3489],[-7.277,40.372],[-7.2739,40.3755],[-7.2702,40.3876],[-7.2714,40.3983],[-7.2704,40.4081],[-7.2769,40.4109],[-7.2859,40.4118],[-7.2928,40.4161],[-7.3068,40.4035],[-7.3118,40.4046],[-7.3171,40.4104],[-7.3276,40.4108],[-7.3327,40.4059],[-7.3425,40.4001],[-7.3414,40.3976],[-7.3455,40.3864],[-7.3512,40.3901],[-7.3595,40.3924],[-7.3655,40.3914],[-7.3781,40.3856],[-7.3811,40.3824],[-7.3945,40.3807],[-7.4062,40.381],[-7.4183,40.3874],[-7.4195,40.3908],[-7.4289,40.3916],[-7.4375,40.3867],[-7.4473,40.3868],[-7.4554,40.3969],[-7.4616,40.4018],[-7.4769,40.3967],[-7.4871,40.3948],[-7.4962,40.3852],[-7.5054,40.38],[-7.5105,40.3722],[-7.5165,40.3665],[-7.5157,40.36],[-7.519,40.3497],[-7.5176,40.345],[-7.5292,40.331],[-7.532,40.3289],[-7.5333,40.3218],[-7.5372,40.3178],[-7.5549,40.3203],[-7.5709,40.3199],[-7.5813,40.3113],[-7.5866,40.3198],[-7.5936,40.3236],[-7.603,40.3244],[-7.6129,40.3219],[-7.6135,40.3159],[-7.6191,40.3095],[-7.6187,40.2997],[-7.6303,40.294],[-7.6313,40.2902],[-7.6438,40.2832],[-7.6453,40.2802],[-7.6612,40.2712],[-7.6715,40.2719],[-7.6859,40.2702],[-7.6962,40.2649],[-7.71,40.2608],[-7.7142,40.2546],[-7.7261,40.2472],[-7.7338,40.2369],[-7.7468,40.2367],[-7.7599,40.2348],[-7.7703,40.2372],[-7.7824,40.2299],[-7.7843,40.2082],[-7.7957,40.2016],[-7.8076,40.1817],[-7.8008,40.1759],[-7.801,40.1666],[-7.7943,40.1595],[-7.7761,40.1576],[-7.7739,40.1552],[-7.7739,40.145],[-7.7361,40.124],[-7.7334,40.1039],[-7.7402,40.1041],[-7.745,40.0979],[-7.7428,40.0924],[-7.7574,40.0838],[-7.763,40.0772],[-7.7716,40.0743],[-7.7764,40.0686],[-7.7855,40.0723],[-7.7915,40.0812],[-7.7923,40.0857],[-7.7983,40.0879],[-7.8106,40.0736],[-7.7993,40.0787],[-7.7966,40.0765],[-7.8058,40.0716],[-7.8057,40.0657],[-7.8004,40.0614],[-7.8091,40.0523],[-7.8087,40.0479],[-7.8013,40.045],[-7.8125,40.0382],[-7.8251,40.0507],[-7.8375,40.051],[-7.8483,40.054],[-7.8552,40.059],[-7.8642,40.0581],[-7.8717,40.0497],[-7.8857,40.0452],[-7.892,40.0414],[-7.9,40.0434],[-7.9044,40.0417],[-7.9159,40.0328],[-7.9083,40.02],[-7.9061,40.0088],[-7.902,40.0029],[-7.9158,40.0055],[-7.9144,40.0007],[-7.9202,39.9985],[-7.9347,40.002],[-7.9413,39.9999],[-7.9529,40.0024],[-7.9548,39.9921],[-7.9631,39.986],[-7.962,39.9779],[-7.9678,39.9795],[-7.9717,39.986],[-7.9773,39.9891],[-7.989,39.989],[-7.9923,39.9866],[-7.9909,39.9781],[-7.9975,39.9781],[-8.0022,39.9837],[-8.0114,39.9892],[-8.0141,39.9846],[-8.0074,39.9792],[-8.0052,39.9732],[-8.0119,39.974],[-8.0163,39.9713],[-8.0282,39.9785],[-8.0324,39.984],[-8.0365,39.9769],[-8.0299,39.9653],[-8.0337,39.9604],[-8.0388,39.9636],[-8.0487,39.9632],[-8.0558,39.9696],[-8.0618,39.9559],[-8.0671,39.9548],[-8.0778,39.957],[-8.0789,39.9615],[-8.0865,39.9651],[-8.0875,39.9531],[-8.0825,39.9471],[-8.0878,39.9425],[-8.099,39.9412],[-8.1143,39.9487],[-8.1208,39.9412],[-8.1187,39.9341],[-8.1196,39.9302],[-8.1287,39.9257],[-8.1337,39.9146],[-8.1376,39.9099],[-8.142,39.8986],[-8.1398,39.8949],[-8.1492,39.8853],[-8.164,39.8826],[-8.1671,39.8755],[-8.1716,39.8754],[-8.1857,39.8815],[-8.1885,39.8768],[-8.1863,39.872],[-8.1927,39.8702],[-8.1998,39.8649],[-8.1993,39.8568],[-8.2119,39.8504],[-8.2259,39.8558],[-8.2341,39.8466],[-8.2496,39.8459],[-8.2551,39.8425],[-8.2737,39.8431],[-8.2774,39.8368],[-8.2704,39.8247],[-8.272,39.8195],[-8.282,39.8191],[-8.2846,39.8129],[-8.2929,39.8087],[-8.2917,39.8031],[-8.2841,39.7994],[-8.2851,39.7958],[-8.2813,39.7862],[-8.2844,39.7817],[-8.2824,39.7779],[-8.2739,39.7727],[-8.2689,39.7744],[-8.2637,39.7687],[-8.2547,39.7753],[-8.2445,39.7793],[-8.2321,39.7628],[-8.2289,39.7534],[-8.2284,39.7421],[-8.2337,39.7403],[-8.2373,39.7306],[-8.2317,39.7252],[-8.2357,39.7206],[-8.2341,39.7132],[-8.2381,39.7097],[-8.2342,39.7035],[-8.2254,39.7052],[-8.2301,39.6969],[-8.2298,39.6881],[-8.2324,39.6824],[-8.229,39.674],[-8.229,39.6648],[-8.2326,39.6596],[-8.234,39.6512],[-8.2319,39.6465],[-8.221,39.641],[-8.2186,39.6366],[-8.2075,39.637],[-8.196,39.6335],[-8.1899,39.6332],[-8.1807,39.6295],[-8.1751,39.6247],[-8.1535,39.6241],[-8.1453,39.614],[-8.1343,39.6113],[-8.1269,39.6147],[-8.1194,39.6119],[-8.1139,39.6153],[-8.1101,39.6137],[-8.0963,39.6127],[-8.0845,39.614],[-8.0696,39.6208],[-8.0596,39.6173],[-8.054,39.617],[-8.0645,39.6343],[-8.0774,39.6586],[-8.0738,39.6612],[-8.0714,39.6687],[-8.0608,39.6684],[-8.0584,39.6733],[-8.0589,39.6879],[-8.0621,39.6935],[-8.0584,39.6989],[-8.0505,39.7178],[-8.0555,39.7327],[-8.0543,39.7356],[-8.0468,39.7374],[-8.0395,39.7466],[-8.0339,39.7465],[-8.0304,39.7427],[-8.0235,39.7402],[-8.0128,39.7439],[-8.0047,39.7433],[-8,39.7335],[-7.9927,39.7317],[-7.9909,39.7286],[-7.9734,39.7375],[-7.9701,39.746],[-7.9604,39.7426],[-7.9576,39.7369],[-7.9543,39.7207],[-7.9542,39.6993],[-7.9506,39.6863],[-7.9569,39.674],[-7.9547,39.6698],[-7.9591,39.6645],[-7.9496,39.661],[-7.9318,39.6635],[-7.9245,39.6675],[-7.9144,39.6674],[-7.9033,39.6594],[-7.8977,39.6591],[-7.8903,39.6501],[-7.893,39.6457],[-7.8814,39.6446],[-7.8645,39.6375],[-7.8618,39.6258],[-7.8489,39.6237],[-7.8471,39.6201],[-7.8495,39.6133],[-7.8465,39.6072],[-7.8384,39.6074],[-7.8407,39.5999],[-7.8373,39.5955],[-7.8295,39.5941],[-7.8167,39.585],[-7.8186,39.5781],[-7.8103,39.5711],[-7.812,39.5678],[-7.8219,39.5593],[-7.8244,39.5463],[-7.8287,39.5431],[-7.8251,39.5374],[-7.8136,39.5429],[-7.7999,39.544],[-7.7894,39.5507],[-7.7872,39.5552],[-7.7754,39.563],[-7.7699,39.5642],[-7.7639,39.5713],[-7.7549,39.5883],[-7.7339,39.5935],[-7.7262,39.5916],[-7.7223,39.5933],[-7.7162,39.605],[-7.7127,39.6085],[-7.7154,39.6212],[-7.7148,39.6267],[-7.7052,39.6354],[-7.6961,39.6379],[-7.6904,39.6415],[-7.6731,39.6489],[-7.6679,39.6466],[-7.6609,39.6346],[-7.6485,39.6248],[-7.6374,39.6227],[-7.6235,39.6272],[-7.6073,39.6371],[-7.5967,39.6396],[-7.5941,39.651],[-7.5791,39.6588],[-7.5668,39.6603],[-7.5516,39.6576],[-7.5417,39.6637]]]},"properties":{"name":"CASTELO BRANCO"}},
{"type":"Feature","geometry":{"type":"Polygon","coordinates":[[[-7.1078,38.188],[-7.1071,38.1925],[-7.1177,38.2113],[-7.1344,38.2271],[-7.1428,38.2406],[-7.1448,38.2509],[-7.1429,38.2617],[-7.1499,38.2685],[-7.1559,38.2791],[-7.1611,38.2791],[-7.1755,38.2885],[-7.1911,38.3078],[-7.1992,38.3211],[-7.2023,38.329],[-7.2145,38.3409],[-7.2196,38.3425],[-7.2332,38.3577],[-7.2482,38.3695],[-7.2566,38.3804],[-7.2601,38.3822],[-7.2688,38.3916],[-7.2745,38.4],[-7.2804,38.4151],[-7.2795,38.4192],[-7.2843,38.4232],[-7.2912,38.424],[-7.3179,38.4401],[-7.3278,38.4388],[-7.3303,38.4445],[-7.315,38.4491],[-7.3125,38.4546],[-7.3143,38.459],[-7.3019,38.4653],[-7.2959,38.476],[-7.3009,38.483],[-7.3089,38.4801],[-7.3122,38.4745],[-7.3203,38.4757],[-7.3208,38.4854],[-7.3157,38.4953],[-7.314,38.5079],[-7.3146,38.5139],[-7.3032,38.5201],[-7.3009,38.5269],[-7.3034,38.5431],[-7.2928,38.5535],[-7.286,38.5633],[-7.2867,38.5706],[-7.284,38.5759],[-7.2764,38.5751],[-7.2696,38.5846],[-7.2639,38.5879],[-7.2634,38.5945],[-7.2594,38.6038],[-7.2604,38.6088],[-7.254,38.6171],[-7.2437,38.6238],[-7.2456,38.6271],[-7.2666,38.628],[-7.2725,38.6384],[-7.2699,38.6482],[-7.2703,38.6651],[-7.2662,38.6815],[-7.2688,38.6879],[-7.2671,38.6997],[-7.2579,38.7143],[-7.26,38.7229],[-7.2522,38.7302],[-7.2379,38.7369],[-7.2282,38.7369],[-7.2128,38.7447],[-7.2037,38.7515],[-7.2134,38.7569],[-7.2171,38.7642],[-7.2276,38.7668],[-7.2284,38.7742],[-7.2324,38.7852],[-7.2227,38.7958],[-7.2158,38.7995],[-7.2184,38.8025],[-7.2111,38.8078],[-7.2144,38.8167],[-7.2192,38.8211],[-7.2145,38.8244],[-7.214,38.8314],[-7.2181,38.8358],[-7.2264,38.8286],[-7.239,38.8439],[-7.2453,38.8479],[-7.2595,38.845],[-7.2632,38.8384],[-7.2752,38.8324],[-7.2791,38.8279],[-7.2915,38.8361],[-7.2947,38.8406],[-7.3041,38.8374],[-7.3026,38.8336],[-7.3102,38.829],[-7.3256,38.8252],[-7.3253,38.8206],[-7.3192,38.8133],[-7.319,38.8095],[-7.33,38.8036],[-7.3318,38.805],[-7.3468,38.7981],[-7.3522,38.8011],[-7.3533,38.8055],[-7.3687,38.8004],[-7.373,38.8049],[-7.3722,38.8101],[-7.3817,38.8068],[-7.3903,38.8014],[-7.3958,38.8117],[-7.3946,38.8157],[-7.3974,38.824],[-7.4049,38.831],[-7.4042,38.8353],[-7.4131,38.8441],[-7.4217,38.8463],[-7.4135,38.8506],[-7.4046,38.8487],[-7.4094,38.8581],[-7.4072,38.8602],[-7.4159,38.8649],[-7.4223,38.8659],[-7.4259,38.8772],[-7.4238,38.8801],[-7.4278,38.888],[-7.4218,38.8994],[-7.4229,38.9035],[-7.4516,38.92],[-7.4617,38.9222],[-7.4661,38.926],[-7.4549,38.9337],[-7.4582,38.9382],[-7.4661,38.9409],[-7.4617,38.9464],[-7.4638,38.955],[-7.4576,38.9573],[-7.4529,38.9644],[-7.4648,38.969],[-7.4659,38.9722],[-7.4742,38.9769],[-7.4828,38.9767],[-7.4832,38.9854],[-7.492,38.9891],[-7.5019,38.9851],[-7.506,38.99],[-7.5126,38.9861],[-7.5217,38.9959],[-7.5275,38.9998],[-7.5333,39.0084],[-7.5446,39.0027],[-7.5423,38.9939],[-7.5515,38.9953],[-7.5534,38.9919],[-7.5421,38.9791],[-7.5401,38.9713],[-7.5423,38.968],[-7.5567,38.9616],[-7.5666,38.9595],[-7.5646,38.9525],[-7.5806,38.954],[-7.5936,38.9542],[-7.5971,38.9565],[-7.6043,38.9538],[-7.6117,38.9474],[-7.6203,38.9428],[-7.6198,38.94],[-7.6254,38.9334],[-7.6291,38.9344],[-7.6341,38.9294],[-7.6268,38.9251],[-7.6369,38.9231],[-7.6409,38.9181],[-7.6397,38.913],[-7.6525,38.9123],[-7.6542,38.9164],[-7.6834,38.9294],[-7.6948,38.9193],[-7.6981,38.9124],[-7.7137,38.9205],[-7.7329,38.9392],[-7.7413,38.9265],[-7.742,38.9185],[-7.752,38.9082],[-7.7575,38.9054],[-7.7723,38.9011],[-7.7855,38.9071],[-7.7899,38.8958],[-7.7985,38.8988],[-7.824,38.8994],[-7.8307,38.9012],[-7.8476,38.9034],[-7.8527,38.9011],[-7.8647,38.909],[-7.876,38.9084],[-7.877,38.9264],[-7.8858,38.9247],[-7.895,38.9314],[-7.9006,38.9397],[-7.8987,38.9436],[-7.9072,38.9572],[-7.914,38.9616],[-7.9145,38.9646],[-7.9233,38.9719],[-7.9411,38.9698],[-7.9464,38.972],[-7.9579,38.9652],[-7.9611,38.9586],[-7.968,38.9516],[-7.9846,38.9474],[-7.9866,38.9443],[-7.9957,38.9422],[-8.0095,38.9452],[-8.0164,38.9411],[-8.0218,38.9409],[-8.0235,38.949],[-8.019,38.9553],[-8.0139,38.9584],[-8.0204,38.964],[-8.0171,38.9683],[-8.0137,38.9814],[-8.0256,38.9884],[-8.0357,38.9909],[-8.0422,38.997],[-8.0428,39.0034],[-8.0476,39.0083],[-8.0553,39.0071],[-8.0652,39.0138],[-8.071,39.0158],[-8.0785,39.0138],[-8.0863,39.0056],[-8.0831,39.0024],[-8.0885,38.9956],[-8.09,38.9902],[-8.0875,38.9844],[-8.0873,38.9761],[-8.1033,38.9694],[-8.1084,38.9751],[-8.1136,38.9918],[-8.1193,38.995],[-8.1203,39.004],[-8.1172,39.0106],[-8.1118,39.0144],[-8.0986,39.0127],[-8.1038,39.0227],[-8.1125,39.0216],[-8.1225,39.0238],[-8.131,39.023],[-8.129,39.0122],[-8.1404,39.0125],[-8.1455,39.0232],[-8.152,39.0269],[-8.1634,39.0151],[-8.1675,39.0182],[-8.1754,39.0197],[-8.1827,39.013],[-8.1921,39.0079],[-8.2026,38.9966],[-8.2101,38.9845],[-8.2182,38.9806],[-8.2279,38.9874],[-8.2341,38.9826],[-8.2425,38.9735],[-8.2344,38.9693],[-8.2363,38.9569],[-8.2397,38.9525],[-8.2429,38.9381],[-8.2529,38.926],[-8.2623,38.9204],[-8.2722,38.9074],[-8.2575,38.9002],[-8.2326,38.8934],[-8.2129,38.8847],[-8.209,38.8814],[-8.2079,38.8744],[-8.2009,38.8793],[-8.1954,38.8729],[-8.1881,38.8743],[-8.1816,38.8794],[-8.171,38.8708],[-8.1587,38.8664],[-8.1736,38.855],[-8.1861,38.8507],[-8.1851,38.8425],[-8.1879,38.8381],[-8.1803,38.8318],[-8.1751,38.8333],[-8.168,38.83],[-8.1625,38.8182],[-8.1546,38.8092],[-8.1502,38.8144],[-8.151,38.8188],[-8.1414,38.8181],[-8.1328,38.8133],[-8.1317,38.8099],[-8.1243,38.805],[-8.1281,38.7993],[-8.1401,38.7881],[-8.142,38.7726],[-8.1453,38.7718],[-8.1647,38.7766],[-8.1756,38.7827],[-8.1782,38.7914],[-8.1736,38.801],[-8.1819,38.8031],[-8.1888,38.8006],[-8.1918,38.7949],[-8.2049,38.7993],[-8.1973,38.808],[-8.2055,38.8161],[-8.2116,38.8189],[-8.2135,38.8226],[-8.2218,38.8286],[-8.2295,38.8229],[-8.2393,38.8207],[-8.2447,38.8167],[-8.2494,38.8178],[-8.259,38.8271],[-8.2694,38.8315],[-8.2617,38.8436],[-8.2697,38.8422],[-8.2896,38.8524],[-8.2958,38.8583],[-8.3014,38.8603],[-8.3025,38.8678],[-8.31,38.85],[-8.3213,38.8593],[-8.3336,38.847],[-8.338,38.8402],[-8.3424,38.8388],[-8.351,38.8416],[-8.3667,38.8507],[-8.3672,38.8538],[-8.38,38.8535],[-8.3893,38.8472],[-8.3818,38.8409],[-8.3929,38.8357],[-8.4048,38.8276],[-8.4091,38.823],[-8.418,38.8267],[-8.4192,38.8377],[-8.4387,38.8275],[-8.4426,38.8207],[-8.4439,38.8134],[-8.4552,38.8031],[-8.4623,38.8017],[-8.4711,38.794],[-8.4838,38.8041],[-8.5004,38.8075],[-8.504,38.8022],[-8.5117,38.7972],[-8.5155,38.7913],[-8.5231,38.7889],[-8.5261,38.783],[-8.5468,38.7634],[-8.5246,38.7618],[-8.5145,38.7649],[-8.491,38.7613],[-8.4917,38.7546],[-8.5056,38.7459],[-8.5114,38.7326],[-8.5009,38.7222],[-8.501,38.7155],[-8.5199,38.709],[-8.5312,38.6919],[-8.5401,38.6888],[-8.5407,38.6857],[-8.5523,38.6822],[-8.5583,38.6778],[-8.5662,38.6782],[-8.579,38.6716],[-8.5774,38.6676],[-8.5837,38.6626],[-8.5907,38.6541],[-8.6015,38.6459],[-8.6125,38.6446],[-8.6198,38.6353],[-8.6322,38.6281],[-8.6367,38.6204],[-8.6565,38.6078],[-8.658,38.6018],[-8.6516,38.5935],[-8.6482,38.5773],[-8.6409,38.5675],[-8.6391,38.5495],[-8.6305,38.5498],[-8.6158,38.5531],[-8.6028,38.5488],[-8.5899,38.5421],[-8.5801,38.5445],[-8.5752,38.5479],[-8.5725,38.5316],[-8.5324,38.5281],[-8.5287,38.5112],[-8.5203,38.5124],[-8.5069,38.5193],[-8.507,38.5265],[-8.5129,38.5355],[-8.5202,38.5429],[-8.4976,38.5488],[-8.495,38.5472],[-8.4912,38.5289],[-8.4801,38.5332],[-8.4759,38.5168],[-8.4673,38.5173],[-8.4601,38.5227],[-8.4464,38.5261],[-8.4422,38.5222],[-8.4231,38.521],[-8.4104,38.5251],[-8.3997,38.5375],[-8.3791,38.5452],[-8.3691,38.5457],[-8.3581,38.5244],[-8.3483,38.5187],[-8.336,38.507],[-8.3288,38.4882],[-8.3232,38.4837],[-8.3158,38.4668],[-8.3103,38.4585],[-8.3241,38.4523],[-8.3222,38.4468],[-8.3255,38.4433],[-8.3231,38.4368],[-8.3169,38.4392],[-8.3085,38.4371],[-8.292,38.4389],[-8.2862,38.4297],[-8.292,38.4259],[-8.3014,38.423],[-8.2876,38.4173],[-8.2837,38.4121],[-8.2927,38.4073],[-8.3013,38.3997],[-8.3055,38.3917],[-8.3132,38.3851],[-8.3226,38.3722],[-8.3006,38.3755],[-8.2773,38.3715],[-8.2696,38.3585],[-8.2692,38.3536],[-8.2584,38.3533],[-8.2472,38.3484],[-8.2375,38.3463],[-8.2056,38.3447],[-8.1977,38.3426],[-8.1702,38.3194],[-8.1644,38.3198],[-8.1595,38.321],[-8.1618,38.3271],[-8.1525,38.3293],[-8.1492,38.3272],[-8.1422,38.315],[-8.1311,38.3129],[-8.1196,38.3149],[-8.1115,38.3197],[-8.0983,38.3209],[-8.0854,38.3201],[-8.0775,38.3223],[-8.072,38.3184],[-8.0551,38.3283],[-8.0517,38.3253],[-8.0436,38.3261],[-8.0364,38.3154],[-8.0298,38.3082],[-8.0199,38.3007],[-8.0097,38.2995],[-7.9957,38.3025],[-7.994,38.3083],[-7.9805,38.3171],[-7.9737,38.3162],[-7.9566,38.3071],[-7.9437,38.3053],[-7.9386,38.3031],[-7.9311,38.2963],[-7.9163,38.291],[-7.9079,38.2869],[-7.9113,38.2844],[-7.9075,38.2797],[-7.9003,38.2847],[-7.8899,38.277],[-7.885,38.2764],[-7.8728,38.2695],[-7.8695,38.2647],[-7.8637,38.2657],[-7.854,38.2594],[-7.8455,38.2575],[-7.8395,38.2518],[-7.8212,38.252],[-7.8178,38.2446],[-7.8036,38.2463],[-7.7906,38.2548],[-7.7807,38.2488],[-7.7643,38.2479],[-7.759,38.2465],[-7.7482,38.239],[-7.7341,38.2334],[-7.7342,38.2306],[-7.724,38.2219],[-7.7112,38.2141],[-7.7,38.2114],[-7.6934,38.2113],[-7.6696,38.2002],[-7.6538,38.2039],[-7.6447,38.205],[-7.635,38.2095],[-7.6175,38.2066],[-7.6098,38.2027],[-7.5996,38.2028],[-7.5949,38.205],[-7.5881,38.2033],[-7.5802,38.1938],[-7.566,38.1888],[-7.5585,38.1944],[-7.5419,38.1936],[-7.4978,38.1885],[-7.4916,38.1901],[-7.498,38.1995],[-7.4977,38.2045],[-7.4893,38.2109],[-7.4763,38.2139],[-7.4701,38.214],[-7.461,38.2199],[-7.4536,38.2347],[-7.4381,38.243],[-7.4321,38.2607],[-7.4135,38.264],[-7.4067,38.2726],[-7.4063,38.2796],[-7.4002,38.2834],[-7.4012,38.2876],[-7.3979,38.2926],[-7.4073,38.2954],[-7.4059,38.2989],[-7.3961,38.2989],[-7.3932,38.2952],[-7.3846,38.3022],[-7.3779,38.2988],[-7.3558,38.2993],[-7.3522,38.3069],[-7.3352,38.3213],[-7.3304,38.3173],[-7.3203,38.3169],[-7.3121,38.3243],[-7.3002,38.3267],[-7.2947,38.326],[-7.2888,38.3309],[-7.2804,38.3301],[-7.2779,38.3253],[-7.2788,38.3201],[-7.2714,38.3115],[-7.2654,38.3069],[-7.2611,38.2965],[-7.2602,38.2819],[-7.2539,38.2771],[-7.2441,38.2631],[-7.2344,38.2571],[-7.2244,38.2573],[-7.2178,38.2542],[-7.1901,38.2464],[-7.1934,38.2419],[-7.1991,38.2271],[-7.1984,38.2224],[-7.1836,38.2058],[-7.181,38.1978],[-7.1719,38.1846],[-7.1678,38.1749],[-7.1595,38.1599],[-7.152,38.1547],[-7.1498,38.1585],[-7.1551,38.1658],[-7.1524,38.1735],[-7.1467,38.1747],[-7.1416,38.1718],[-7.1315,38.171],[-7.1261,38.1753],[-7.1245,38.1848],[-7.1151,38.1849],[-7.1078,38.188]]]},"properties":{"name":"ÉVORA"}},
{"type":"Feature","geometry":{"type":"Polygon","coordinates":[[[-8.8116,41.6116],[-8.8014,41.6065],[-8.7758,41.616],[-8.7732,41.6138],[-8.7568,41.6144],[-8.7567,41.6215],[-8.7482,41.6249],[-8.742,41.6191],[-8.7324,41.6217],[-8.7242,41.6338],[-8.7119,41.6344],[-8.7049,41.6331],[-8.702,41.638],[-8.6964,41.6407],[-8.6791,41.6394],[-8.664,41.6423],[-8.6505,41.6316],[-8.6463,41.6328],[-8.6478,41.6452],[-8.6433,41.6544],[-8.6286,41.6508],[-8.6281,41.6432],[-8.6164,41.644],[-8.6041,41.6343],[-8.5989,41.636],[-8.5917,41.6415],[-8.5851,41.6439],[-8.5773,41.643],[-8.565,41.6253],[-8.5524,41.6271],[-8.5407,41.6313],[-8.5427,41.6377],[-8.5374,41.6468],[-8.5372,41.6535],[-8.5422,41.6612],[-8.5474,41.6633],[-8.5429,41.6714],[-8.5356,41.6737],[-8.5302,41.6805],[-8.5218,41.6796],[-8.5176,41.6973],[-8.5137,41.7213],[-8.5183,41.7263],[-8.5059,41.7336],[-8.5018,41.7384],[-8.4935,41.7415],[-8.4873,41.7398],[-8.4878,41.7297],[-8.486,41.7272],[-8.4615,41.7322],[-8.4542,41.7357],[-8.4541,41.7407],[-8.4372,41.7478],[-8.4306,41.7536],[-8.4142,41.759],[-8.3988,41.7578],[-8.3946,41.7611],[-8.3826,41.7614],[-8.3749,41.7704],[-8.3712,41.7706],[-8.3645,41.7629],[-8.3497,41.7598],[-8.3367,41.7646],[-8.322,41.764],[-8.3068,41.7612],[-8.2993,41.7684],[-8.2975,41.7779],[-8.2915,41.7819],[-8.271,41.7714],[-8.2609,41.7784],[-8.2454,41.7829],[-8.2406,41.7889],[-8.2317,41.7874],[-8.2217,41.7946],[-8.214,41.8023],[-8.2056,41.8042],[-8.1967,41.8122],[-8.1899,41.8099],[-8.1835,41.8128],[-8.1767,41.8081],[-8.1687,41.8072],[-8.165,41.8181],[-8.1634,41.8316],[-8.1618,41.861],[-8.1664,41.8624],[-8.1693,41.8765],[-8.1717,41.8791],[-8.1829,41.875],[-8.1934,41.8764],[-8.2,41.8737],[-8.2013,41.8881],[-8.2049,41.8929],[-8.2154,41.8988],[-8.2169,41.9132],[-8.2103,41.9236],[-8.205,41.9261],[-8.1979,41.9395],[-8.1891,41.9475],[-8.1749,41.9551],[-8.1764,41.9586],[-8.1695,41.963],[-8.1628,41.976],[-8.163,41.9827],[-8.1408,41.9887],[-8.1304,42.0036],[-8.1247,42.0066],[-8.115,42.0049],[-8.1104,42.0073],[-8.0931,42.0118],[-8.086,42.0165],[-8.0828,42.0282],[-8.0845,42.0473],[-8.0882,42.0576],[-8.0966,42.0723],[-8.1187,42.0823],[-8.138,42.0758],[-8.1496,42.0793],[-8.1596,42.0758],[-8.1704,42.0673],[-8.182,42.065],[-8.1861,42.0726],[-8.1849,42.0833],[-8.1879,42.0924],[-8.1859,42.0982],[-8.1888,42.1112],[-8.1921,42.1157],[-8.1935,42.1291],[-8.1879,42.1366],[-8.1954,42.1482],[-8.2066,42.141],[-8.2179,42.1386],[-8.2257,42.1329],[-8.2334,42.1338],[-8.2401,42.1391],[-8.2455,42.1398],[-8.2536,42.1367],[-8.2568,42.1325],[-8.2556,42.1273],[-8.2583,42.1219],[-8.2631,42.1209],[-8.2737,42.1241],[-8.2891,42.1145],[-8.2907,42.1119],[-8.3039,42.1039],[-8.3224,42.1017],[-8.3253,42.0895],[-8.3319,42.0838],[-8.3427,42.0847],[-8.3566,42.0903],[-8.371,42.0883],[-8.3816,42.0763],[-8.3901,42.0751],[-8.3936,42.0802],[-8.4048,42.0804],[-8.4195,42.0731],[-8.4289,42.0723],[-8.4398,42.0814],[-8.4512,42.0827],[-8.4627,42.0812],[-8.4798,42.0807],[-8.4861,42.0819],[-8.4994,42.0782],[-8.5111,42.078],[-8.5181,42.0796],[-8.5264,42.077],[-8.5283,42.0726],[-8.5254,42.0637],[-8.5291,42.0606],[-8.5468,42.054],[-8.5593,42.0526],[-8.5857,42.0524],[-8.5954,42.0569],[-8.6038,42.054],[-8.622,42.052],[-8.6368,42.0475],[-8.6413,42.0443],[-8.6464,42.0365],[-8.654,42.0333],[-8.6592,42.026],[-8.6575,42.0178],[-8.6614,42.0033],[-8.6704,41.9991],[-8.6773,41.9921],[-8.6869,41.9905],[-8.7016,41.983],[-8.7161,41.9802],[-8.7352,41.9714],[-8.746,41.9645],[-8.7488,41.9591],[-8.7466,41.9503],[-8.7477,41.9431],[-8.7563,41.9331],[-8.7857,41.9174],[-8.7937,41.915],[-8.8034,41.9151],[-8.8184,41.9113],[-8.8246,41.9059],[-8.8271,41.9004],[-8.8489,41.8795],[-8.8525,41.8752],[-8.8637,41.871],[-8.8715,41.8639],[-8.8677,41.8554],[-8.8687,41.8452],[-8.8761,41.8404],[-8.8765,41.8286],[-8.8741,41.8203],[-8.8646,41.813],[-8.8683,41.8035],[-8.8744,41.7981],[-8.8718,41.7906],[-8.8728,41.7737],[-8.8787,41.7622],[-8.8781,41.7565],[-8.8811,41.7527],[-8.8783,41.743],[-8.8691,41.7261],[-8.8673,41.7209],[-8.8568,41.7005],[-8.8529,41.6992],[-8.8489,41.6927],[-8.8464,41.682],[-8.8413,41.6839],[-8.8306,41.6778],[-8.8251,41.6659],[-8.8273,41.6497],[-8.82,41.6354],[-8.8195,41.6265],[-8.8131,41.6186],[-8.8116,41.6116]]]},"properties":{"name":"VIANA DO CASTELO"}},
{"type":"Feature","geometry":{"type":"Polygon","coordinates":[[[-8.3562,40.3672],[-8.3523,40.3701],[-8.3423,40.3695],[-8.3344,40.359],[-8.3252,40.3548],[-8.3254,40.3614],[-8.31,40.3615],[-8.2931,40.3543],[-8.2889,40.3472],[-8.2827,40.3449],[-8.2765,40.3357],[-8.2633,40.3337],[-8.261,40.3292],[-8.2525,40.3236],[-8.2426,40.3265],[-8.237,40.3226],[-8.2319,40.3247],[-8.2318,40.3315],[-8.2086,40.3414],[-8.2006,40.3389],[-8.1937,40.3431],[-8.1891,40.342],[-8.1862,40.3343],[-8.1785,40.3357],[-8.1721,40.3441],[-8.152,40.3375],[-8.1403,40.3383],[-8.1304,40.3433],[-8.1218,40.3388],[-8.113,40.3414],[-8.1,40.3531],[-8.088,40.3611],[-8.0803,40.3607],[-8.0747,40.3634],[-8.0699,40.3713],[-8.0659,40.3742],[-8.057,40.372],[-8.051,40.3756],[-8.0395,40.3866],[-8.0255,40.3871],[-8.0037,40.3916],[-8.0009,40.3956],[-7.9919,40.3978],[-7.985,40.403],[-7.98,40.4027],[-7.973,40.4059],[-7.9691,40.4116],[-7.9538,40.424],[-7.9471,40.4227],[-7.9383,40.425],[-7.9306,40.4291],[-7.9245,40.4353],[-7.9175,40.4466],[-7.9049,40.4528],[-7.8995,40.4616],[-7.8949,40.4618],[-7.8842,40.4731],[-7.872,40.4792],[-7.8667,40.4798],[-7.8642,40.4853],[-7.8518,40.4907],[-7.8468,40.4956],[-7.8394,40.4935],[-7.8283,40.4985],[-7.8228,40.4996],[-7.8228,40.5079],[-7.8119,40.5084],[-7.7836,40.5074],[-7.7783,40.5104],[-7.7719,40.5182],[-7.7659,40.5181],[-7.7583,40.527],[-7.7451,40.5259],[-7.7252,40.533],[-7.7186,40.5371],[-7.7132,40.5435],[-7.6991,40.548],[-7.6901,40.546],[-7.6827,40.552],[-7.6674,40.5536],[-7.6655,40.5597],[-7.6547,40.5593],[-7.6494,40.5631],[-7.6403,40.5638],[-7.6353,40.568],[-7.6215,40.5659],[-7.6133,40.568],[-7.6059,40.5653],[-7.6021,40.568],[-7.5951,40.5681],[-7.5866,40.5724],[-7.5891,40.5855],[-7.5825,40.5953],[-7.5732,40.6192],[-7.5686,40.624],[-7.5618,40.6359],[-7.5658,40.6453],[-7.5615,40.6494],[-7.5509,40.6538],[-7.5421,40.6594],[-7.5528,40.6677],[-7.5514,40.6771],[-7.5428,40.6844],[-7.5381,40.6854],[-7.5351,40.6903],[-7.5426,40.6959],[-7.5627,40.6944],[-7.5708,40.6987],[-7.5862,40.7095],[-7.5927,40.7157],[-7.5968,40.7287],[-7.5797,40.7386],[-7.5707,40.7475],[-7.5755,40.7559],[-7.5841,40.7655],[-7.5974,40.7715],[-7.6073,40.7729],[-7.6254,40.784],[-7.621,40.7955],[-7.6074,40.8058],[-7.6041,40.8153],[-7.5978,40.8254],[-7.5914,40.8297],[-7.5879,40.8499],[-7.5768,40.8628],[-7.5662,40.8675],[-7.5585,40.8732],[-7.5293,40.873],[-7.5141,40.8693],[-7.5142,40.8639],[-7.5108,40.8594],[-7.5002,40.8571],[-7.4925,40.8476],[-7.4825,40.8395],[-7.4791,40.832],[-7.4638,40.826],[-7.4644,40.8215],[-7.4514,40.8135],[-7.4454,40.8163],[-7.436,40.8243],[-7.4349,40.828],[-7.428,40.8364],[-7.4259,40.842],[-7.4139,40.8564],[-7.4067,40.8688],[-7.4078,40.8706],[-7.4014,40.8794],[-7.3893,40.8788],[-7.3816,40.8712],[-7.3774,40.8746],[-7.3844,40.8805],[-7.3763,40.887],[-7.3742,40.8943],[-7.3758,40.9056],[-7.3742,40.9125],[-7.3568,40.9288],[-7.3362,40.9341],[-7.3312,40.9404],[-7.3348,40.9434],[-7.331,40.9539],[-7.331,40.9585],[-7.3253,40.972],[-7.3402,40.9809],[-7.3492,40.9811],[-7.3627,40.9864],[-7.3708,40.9919],[-7.3788,40.9912],[-7.3754,40.9995],[-7.3791,41.0043],[-7.379,41.0134],[-7.3628,41.0142],[-7.3558,41.0114],[-7.348,41.0111],[-7.3375,41.0143],[-7.3349,41.0223],[-7.3411,41.0285],[-7.3412,41.0352],[-7.344,41.0409],[-7.3403,41.0444],[-7.3452,41.0474],[-7.3428,41.0575],[-7.3361,41.0736],[-7.33,41.0783],[-7.3314,41.0878],[-7.3278,41.0945],[-7.3282,41.1044],[-7.326,41.1064],[-7.3229,41.1191],[-7.3182,41.121],[-7.308,41.1371],[-7.3046,41.1395],[-7.3074,41.1459],[-7.3112,41.1469],[-7.3225,41.1438],[-7.3266,41.1466],[-7.3409,41.1439],[-7.3578,41.1482],[-7.3612,41.1566],[-7.375,41.1592],[-7.3726,41.1686],[-7.3746,41.1725],[-7.3825,41.178],[-7.3861,41.1836],[-7.3886,41.1929],[-7.396,41.1979],[-7.4086,41.2013],[-7.4319,41.2108],[-7.4423,41.214],[-7.4512,41.2144],[-7.4592,41.2094],[-7.4642,41.2018],[-7.4705,41.1992],[-7.4824,41.1984],[-7.4977,41.2],[-7.5082,41.1972],[-7.5143,41.1914],[-7.5223,41.18],[-7.528,41.1805],[-7.5431,41.1883],[-7.5494,41.1872],[-7.5565,41.1731],[-7.5723,41.1643],[-7.5747,41.1607],[-7.5901,41.1563],[-7.5958,41.1565],[-7.6103,41.1602],[-7.6211,41.1606],[-7.6271,41.1589],[-7.6412,41.1589],[-7.6578,41.1629],[-7.6647,41.1627],[-7.6847,41.1523],[-7.6914,41.1444],[-7.6963,41.1419],[-7.7164,41.1449],[-7.7355,41.1453],[-7.7641,41.1524],[-7.7767,41.1521],[-7.7928,41.1609],[-7.7999,41.1615],[-7.8052,41.1586],[-7.8077,41.151],[-7.8139,41.1457],[-7.8247,41.1504],[-7.8413,41.1548],[-7.8521,41.1557],[-7.8602,41.1585],[-7.8764,41.1562],[-7.8795,41.153],[-7.8857,41.141],[-7.8871,41.1345],[-7.8967,41.1326],[-7.8974,41.1241],[-7.9054,41.1187],[-7.9119,41.1199],[-7.9213,41.12],[-7.9294,41.1182],[-7.9442,41.1226],[-7.9512,41.1228],[-7.9621,41.1136],[-7.9686,41.1158],[-7.9785,41.1116],[-7.9896,41.1099],[-8.0001,41.1054],[-8.0133,41.1045],[-8.0254,41.097],[-8.0337,41.0964],[-8.0491,41.0905],[-8.0593,41.09],[-8.0682,41.0928],[-8.0827,41.0917],[-8.0875,41.0969],[-8.0984,41.1006],[-8.113,41.095],[-8.1179,41.0887],[-8.1273,41.0876],[-8.1332,41.0844],[-8.1469,41.0842],[-8.1609,41.0894],[-8.1729,41.0882],[-8.1855,41.0926],[-8.1991,41.0942],[-8.2086,41.093],[-8.2188,41.0816],[-8.2244,41.0785],[-8.2328,41.079],[-8.2467,41.0692],[-8.2585,41.0703],[-8.264,41.0659],[-8.2521,41.0588],[-8.2404,41.06],[-8.2371,41.0577],[-8.2374,41.0479],[-8.2315,41.0472],[-8.23,41.0359],[-8.2349,41.0283],[-8.2336,41.0234],[-8.2372,41.0178],[-8.2289,41.0139],[-8.2243,41.0161],[-8.216,41.0123],[-8.208,41.0135],[-8.2056,41.0086],[-8.2118,41.0031],[-8.207,40.9943],[-8.1963,40.9978],[-8.192,40.9972],[-8.1781,40.9882],[-8.1648,40.9861],[-8.1609,40.9895],[-8.1429,40.9786],[-8.1331,40.9787],[-8.124,40.9847],[-8.1188,40.9928],[-8.1185,40.9971],[-8.1038,41.0021],[-8.0991,41.0134],[-8.0911,41.009],[-8.0921,40.9977],[-8.0892,40.9876],[-8.1002,40.98],[-8.1042,40.9738],[-8.1153,40.9656],[-8.122,40.955],[-8.1315,40.9506],[-8.132,40.942],[-8.1272,40.9284],[-8.1229,40.9249],[-8.1204,40.9179],[-8.1245,40.911],[-8.1248,40.9036],[-8.128,40.8982],[-8.1246,40.8944],[-8.1156,40.8903],[-8.1159,40.8867],[-8.1111,40.882],[-8.1101,40.8736],[-8.103,40.8669],[-8.1064,40.8552],[-8.1249,40.8495],[-8.1354,40.8498],[-8.1428,40.8543],[-8.1492,40.8552],[-8.1659,40.8659],[-8.1779,40.8576],[-8.1905,40.8461],[-8.2053,40.8481],[-8.2146,40.8548],[-8.2219,40.8576],[-8.2315,40.8647],[-8.2551,40.8559],[-8.2495,40.8495],[-8.2368,40.8275],[-8.2434,40.8073],[-8.2571,40.7984],[-8.255,40.7914],[-8.2632,40.7833],[-8.2691,40.7673],[-8.2744,40.762],[-8.2878,40.7517],[-8.3034,40.7461],[-8.3092,40.7425],[-8.3197,40.7429],[-8.3336,40.737],[-8.3316,40.7298],[-8.3273,40.7268],[-8.3236,40.7195],[-8.3263,40.7112],[-8.3212,40.7056],[-8.3138,40.7038],[-8.3101,40.6953],[-8.3067,40.6925],[-8.2976,40.6943],[-8.2966,40.6902],[-8.299,40.6817],[-8.2981,40.6758],[-8.2917,40.6689],[-8.2888,40.669],[-8.2948,40.6457],[-8.2955,40.6378],[-8.2932,40.6337],[-8.2839,40.6304],[-8.2799,40.6331],[-8.26,40.6252],[-8.2454,40.6164],[-8.2498,40.6118],[-8.2649,40.6099],[-8.2748,40.6049],[-8.2903,40.6057],[-8.3033,40.6016],[-8.3084,40.5964],[-8.3013,40.5841],[-8.2995,40.5778],[-8.2892,40.5688],[-8.2891,40.5595],[-8.2864,40.5502],[-8.2853,40.5397],[-8.2785,40.536],[-8.2731,40.537],[-8.2639,40.5292],[-8.2607,40.5224],[-8.2504,40.5148],[-8.2501,40.5112],[-8.2599,40.5071],[-8.2639,40.5035],[-8.2736,40.5077],[-8.2828,40.5092],[-8.289,40.5069],[-8.2994,40.4991],[-8.325,40.4918],[-8.3303,40.493],[-8.3356,40.4811],[-8.3346,40.4753],[-8.319,40.4574],[-8.3199,40.4505],[-8.3176,40.4412],[-8.3264,40.44],[-8.335,40.4341],[-8.3445,40.4249],[-8.3381,40.4188],[-8.3458,40.4105],[-8.3549,40.4089],[-8.3502,40.3969],[-8.3545,40.3954],[-8.3542,40.3852],[-8.3584,40.3756],[-8.3592,40.369],[-8.3562,40.3672]],[[-7.4179,40.9218],[-7.4095,40.9218],[-7.3934,40.9097],[-7.3816,40.9075],[-7.3789,40.9012],[-7.3881,40.8851],[-7.3985,40.8803],[-7.4048,40.88],[-7.4166,40.8849],[-7.4255,40.8867],[-7.4304,40.8944],[-7.4301,40.9034],[-7.4243,40.9144],[-7.4179,40.9218]]]},"properties":{"name":"VISEU"}},
{"type":"Feature","geometry":{"type":"Polygon","coordinates":[[[-8.5468,38.7634],[-8.5261,38.783],[-8.5231,38.7889],[-8.5155,38.7913],[-8.5117,38.7972],[-8.504,38.8022],[-8.5004,38.8075],[-8.4838,38.8041],[-8.4711,38.794],[-8.4623,38.8017],[-8.4552,38.8031],[-8.4439,38.8134],[-8.4426,38.8207],[-8.4387,38.8275],[-8.4192,38.8377],[-8.418,38.8267],[-8.4091,38.823],[-8.4048,38.8276],[-8.3929,38.8357],[-8.3818,38.8409],[-8.3893,38.8472],[-8.38,38.8535],[-8.3672,38.8538],[-8.3667,38.8507],[-8.351,38.8416],[-8.3424,38.8388],[-8.338,38.8402],[-8.3336,38.847],[-8.3213,38.8593],[-8.31,38.85],[-8.3025,38.8678],[-8.3014,38.8603],[-8.2958,38.8583],[-8.2896,38.8524],[-8.2697,38.8422],[-8.2617,38.8436],[-8.2694,38.8315],[-8.259,38.8271],[-8.2494,38.8178],[-8.2447,38.8167],[-8.2393,38.8207],[-8.2295,38.8229],[-8.2218,38.8286],[-8.2135,38.8226],[-8.2116,38.8189],[-8.2055,38.8161],[-8.1973,38.808],[-8.2049,38.7993],[-8.1918,38.7949],[-8.1888,38.8006],[-8.1819,38.8031],[-8.1736,38.801],[-8.1782,38.7914],[-8.1756,38.7827],[-8.1647,38.7766],[-8.1453,38.7718],[-8.142,38.7726],[-8.1401,38.7881],[-8.1281,38.7993],[-8.1243,38.805],[-8.1317,38.8099],[-8.1328,38.8133],[-8.1414,38.8181],[-8.151,38.8188],[-8.1502,38.8144],[-8.1546,38.8092],[-8.1625,38.8182],[-8.168,38.83],[-8.1751,38.8333],[-8.1803,38.8318],[-8.1879,38.8381],[-8.1851,38.8425],[-8.1861,38.8507],[-8.1736,38.855],[-8.1587,38.8664],[-8.171,38.8708],[-8.1816,38.8794],[-8.1881,38.8743],[-8.1954,38.8729],[-8.2009,38.8793],[-8.2079,38.8744],[-8.209,38.8814],[-8.2129,38.8847],[-8.2326,38.8934],[-8.2575,38.9002],[-8.2722,38.9074],[-8.2623,38.9204],[-8.2529,38.926],[-8.2429,38.9381],[-8.2397,38.9525],[-8.2363,38.9569],[-8.2344,38.9693],[-8.2425,38.9735],[-8.2341,38.9826],[-8.2279,38.9874],[-8.2195,38.9905],[-8.221,38.9956],[-8.23,39.0046],[-8.2346,39.0014],[-8.2444,38.9993],[-8.2502,39.0063],[-8.2603,39.0123],[-8.2633,39.0186],[-8.262,39.0269],[-8.2631,39.0364],[-8.2682,39.0473],[-8.268,39.0526],[-8.2784,39.0522],[-8.2815,39.0504],[-8.2907,39.0587],[-8.2891,39.0686],[-8.291,39.0788],[-8.2964,39.0831],[-8.3077,39.0839],[-8.31,39.0892],[-8.3159,39.0899],[-8.3343,39.0949],[-8.3434,39.1003],[-8.3433,39.1101],[-8.3335,39.114],[-8.3298,39.1203],[-8.32,39.1291],[-8.3168,39.1377],[-8.3118,39.1432],[-8.3023,39.1502],[-8.3029,39.1545],[-8.2988,39.1629],[-8.29,39.1635],[-8.2883,39.1667],[-8.2686,39.1709],[-8.2621,39.1774],[-8.2443,39.1828],[-8.2339,39.1816],[-8.2241,39.1944],[-8.2207,39.1955],[-8.1942,39.2143],[-8.1849,39.2186],[-8.1817,39.2292],[-8.1734,39.2316],[-8.1612,39.2404],[-8.1586,39.2457],[-8.1514,39.2496],[-8.1552,39.2594],[-8.1559,39.2656],[-8.1531,39.2729],[-8.1345,39.2874],[-8.1203,39.2867],[-8.1166,39.2797],[-8.0885,39.2752],[-8.0779,39.2787],[-8.0753,39.2858],[-8.0756,39.2916],[-8.067,39.3016],[-8.0618,39.3025],[-8.0575,39.3098],[-8.0498,39.312],[-8.048,39.3195],[-8.042,39.3243],[-8.0412,39.3305],[-8.0329,39.3351],[-8.0265,39.3416],[-8.0296,39.3569],[-8.0282,39.3631],[-8.0148,39.3669],[-8.0074,39.366],[-8.0012,39.3679],[-7.9977,39.3752],[-7.9911,39.3826],[-7.9684,39.3832],[-7.9631,39.3901],[-7.9596,39.3907],[-7.9585,39.3976],[-7.949,39.4002],[-7.9465,39.4053],[-7.9395,39.41],[-7.9432,39.4202],[-7.9476,39.4245],[-7.9531,39.4245],[-7.9587,39.4289],[-7.9688,39.4317],[-7.9706,39.4366],[-7.9765,39.4387],[-7.9852,39.4451],[-7.9954,39.4483],[-7.9968,39.453],[-8.0063,39.4618],[-8.0089,39.4732],[-8.0038,39.4792],[-7.998,39.4808],[-8.0022,39.4866],[-8.0006,39.4921],[-8.0052,39.4952],[-8.0013,39.4987],[-8.0001,39.5049],[-7.9942,39.5071],[-7.9928,39.5115],[-7.9856,39.5125],[-7.9786,39.5213],[-7.9758,39.5296],[-7.9696,39.5365],[-7.9683,39.546],[-7.9697,39.5491],[-7.961,39.5555],[-7.9596,39.561],[-7.9515,39.5632],[-7.9493,39.5581],[-7.9377,39.5563],[-7.9276,39.5523],[-7.9102,39.5482],[-7.9067,39.5413],[-7.8789,39.529],[-7.8731,39.5279],[-7.8666,39.5204],[-7.8565,39.514],[-7.8477,39.5107],[-7.8391,39.5147],[-7.8364,39.5215],[-7.8251,39.5374],[-7.8287,39.5431],[-7.8244,39.5463],[-7.8219,39.5593],[-7.812,39.5678],[-7.8103,39.5711],[-7.8186,39.5781],[-7.8167,39.585],[-7.8295,39.5941],[-7.8373,39.5955],[-7.8407,39.5999],[-7.8384,39.6074],[-7.8465,39.6072],[-7.8495,39.6133],[-7.8471,39.6201],[-7.8489,39.6237],[-7.8618,39.6258],[-7.8645,39.6375],[-7.8814,39.6446],[-7.893,39.6457],[-7.8903,39.6501],[-7.8977,39.6591],[-7.9033,39.6594],[-7.9144,39.6674],[-7.9245,39.6675],[-7.9318,39.6635],[-7.9496,39.661],[-7.9591,39.6645],[-7.9547,39.6698],[-7.9569,39.674],[-7.9506,39.6863],[-7.9542,39.6993],[-7.9543,39.7207],[-7.9576,39.7369],[-7.9604,39.7426],[-7.9701,39.746],[-7.9734,39.7375],[-7.9909,39.7286],[-7.9927,39.7317],[-8,39.7335],[-8.0047,39.7433],[-8.0128,39.7439],[-8.0235,39.7402],[-8.0304,39.7427],[-8.0339,39.7465],[-8.0395,39.7466],[-8.0468,39.7374],[-8.0543,39.7356],[-8.0555,39.7327],[-8.0505,39.7178],[-8.0584,39.6989],[-8.0621,39.6935],[-8.0589,39.6879],[-8.0584,39.6733],[-8.0608,39.6684],[-8.0714,39.6687],[-8.0738,39.6612],[-8.0774,39.6586],[-8.0645,39.6343],[-8.054,39.617],[-8.0596,39.6173],[-8.0696,39.6208],[-8.0845,39.614],[-8.0963,39.6127],[-8.1101,39.6137],[-8.1139,39.6153],[-8.1194,39.6119],[-8.1269,39.6147],[-8.1343,39.6113],[-8.1453,39.614],[-8.1535,39.6241],[-8.1751,39.6247],[-8.1807,39.6295],[-8.1899,39.6332],[-8.196,39.6335],[-8.2075,39.637],[-8.2186,39.6366],[-8.221,39.641],[-8.2319,39.6465],[-8.234,39.6512],[-8.2326,39.6596],[-8.229,39.6648],[-8.229,39.674],[-8.2324,39.6824],[-8.2298,39.6881],[-8.2301,39.6969],[-8.2254,39.7052],[-8.2342,39.7035],[-8.2381,39.7097],[-8.2341,39.7132],[-8.2357,39.7206],[-8.2317,39.7252],[-8.2373,39.7306],[-8.2337,39.7403],[-8.2284,39.7421],[-8.2289,39.7534],[-8.2321,39.7628],[-8.2445,39.7793],[-8.2547,39.7753],[-8.2637,39.7687],[-8.2689,39.7744],[-8.2739,39.7727],[-8.2824,39.7779],[-8.2844,39.7817],[-8.2813,39.7862],[-8.2851,39.7958],[-8.2907,39.7975],[-8.3053,39.7943],[-8.3219,39.8006],[-8.3268,39.799],[-8.3365,39.7999],[-8.3259,39.7878],[-8.327,39.7773],[-8.3302,39.7748],[-8.3258,39.7662],[-8.3326,39.7609],[-8.3405,39.7727],[-8.3603,39.7688],[-8.3802,39.7519],[-8.3964,39.7607],[-8.4032,39.7605],[-8.4233,39.7541],[-8.4236,39.7481],[-8.4321,39.74],[-8.4438,39.7378],[-8.4491,39.7332],[-8.4541,39.739],[-8.455,39.7444],[-8.4508,39.7492],[-8.4508,39.7553],[-8.4626,39.7734],[-8.4617,39.7803],[-8.4653,39.7919],[-8.4625,39.8044],[-8.4672,39.8068],[-8.4713,39.8182],[-8.4742,39.8209],[-8.4744,39.8338],[-8.4764,39.8377],[-8.4887,39.8298],[-8.4939,39.8298],[-8.501,39.824],[-8.5013,39.8178],[-8.5064,39.815],[-8.5175,39.8281],[-8.5234,39.8255],[-8.5266,39.8168],[-8.5324,39.8144],[-8.5395,39.8081],[-8.5411,39.8023],[-8.5455,39.7982],[-8.5582,39.7915],[-8.5653,39.7919],[-8.5795,39.7826],[-8.5929,39.7769],[-8.6042,39.7799],[-8.6111,39.7885],[-8.6349,39.7899],[-8.6439,39.784],[-8.6601,39.7779],[-8.6763,39.7739],[-8.6804,39.7678],[-8.6788,39.7605],[-8.6815,39.7485],[-8.6729,39.731],[-8.665,39.7247],[-8.6756,39.7236],[-8.6805,39.7177],[-8.6791,39.7101],[-8.6739,39.7098],[-8.6557,39.7026],[-8.64,39.7012],[-8.6347,39.6933],[-8.6372,39.6881],[-8.6424,39.6866],[-8.646,39.6805],[-8.6419,39.6743],[-8.6466,39.664],[-8.6531,39.6589],[-8.6587,39.6581],[-8.6773,39.6469],[-8.6897,39.6427],[-8.7,39.641],[-8.7022,39.636],[-8.699,39.6282],[-8.6919,39.6204],[-8.6875,39.6099],[-8.6895,39.5888],[-8.6851,39.5739],[-8.6715,39.5618],[-8.6876,39.5507],[-8.6901,39.5421],[-8.6952,39.5323],[-8.7054,39.5296],[-8.7145,39.5208],[-8.7282,39.5298],[-8.737,39.537],[-8.7464,39.5292],[-8.7429,39.509],[-8.7352,39.4978],[-8.7297,39.4818],[-8.7439,39.478],[-8.7477,39.4802],[-8.755,39.4763],[-8.7657,39.4763],[-8.7719,39.479],[-8.7889,39.4791],[-8.8023,39.483],[-8.8184,39.478],[-8.8465,39.4725],[-8.8633,39.4754],[-8.8809,39.4744],[-8.8855,39.4724],[-8.8926,39.4653],[-8.9034,39.466],[-8.9173,39.4447],[-8.923,39.4333],[-8.9324,39.4232],[-8.9346,39.4131],[-8.94,39.4057],[-8.9457,39.3911],[-8.9569,39.3931],[-8.9714,39.3932],[-8.9742,39.3886],[-8.9839,39.3831],[-8.9917,39.3759],[-8.9917,39.3732],[-9.0015,39.3548],[-8.9982,39.3433],[-8.9991,39.3332],[-8.9866,39.3177],[-8.9945,39.2967],[-8.9901,39.2905],[-8.9837,39.2869],[-8.9752,39.2871],[-8.9791,39.274],[-8.9839,39.2535],[-8.9813,39.2494],[-8.9752,39.2505],[-8.9627,39.2555],[-8.9514,39.2482],[-8.9388,39.242],[-8.9375,39.2399],[-8.9253,39.2375],[-8.919,39.2405],[-8.9116,39.2349],[-8.9031,39.2435],[-8.8951,39.2452],[-8.8937,39.2486],[-8.8829,39.2512],[-8.8753,39.2505],[-8.8728,39.2429],[-8.8656,39.2333],[-8.8608,39.2297],[-8.8515,39.228],[-8.8411,39.2236],[-8.8353,39.2253],[-8.8295,39.2157],[-8.8206,39.2046],[-8.8195,39.1968],[-8.8223,39.1897],[-8.83,39.1854],[-8.8355,39.1849],[-8.8415,39.1806],[-8.8467,39.183],[-8.8552,39.1787],[-8.8606,39.1826],[-8.8718,39.1875],[-8.8845,39.1868],[-8.8913,39.1835],[-8.8938,39.1762],[-8.9012,39.1715],[-8.9118,39.1746],[-8.9131,39.1721],[-8.9044,39.1624],[-8.893,39.1585],[-8.8898,39.1532],[-8.8816,39.1489],[-8.8793,39.1417],[-8.8733,39.1325],[-8.8675,39.1283],[-8.86,39.128],[-8.8447,39.1162],[-8.8297,39.1119],[-8.8258,39.1156],[-8.8076,39.1045],[-8.8041,39.0992],[-8.7978,39.0958],[-8.8052,39.0905],[-8.7938,39.0796],[-8.7819,39.0584],[-8.7942,39.057],[-8.801,39.0539],[-8.8085,39.0451],[-8.8148,39.0325],[-8.8256,39.0278],[-8.8427,39.0299],[-8.8604,39.0289],[-8.8602,39.0251],[-8.8479,39.0186],[-8.8471,39.0109],[-8.8594,39.0001],[-8.8647,38.9895],[-8.8636,38.9796],[-8.8767,38.9748],[-8.8766,38.9695],[-8.8557,38.9648],[-8.8509,38.9596],[-8.8633,38.9551],[-8.87,38.951],[-8.8872,38.9475],[-8.8932,38.9408],[-8.8943,38.9332],[-8.8907,38.9279],[-8.8942,38.9209],[-8.9053,38.9128],[-8.9118,38.9021],[-8.9101,38.8945],[-8.9119,38.8877],[-8.9192,38.8793],[-8.9278,38.8731],[-8.9367,38.8629],[-8.9403,38.8553],[-8.9475,38.8466],[-8.9584,38.8413],[-8.9634,38.8371],[-8.9685,38.8278],[-8.967,38.8261],[-8.9536,38.8154],[-8.9418,38.8004],[-8.9355,38.7851],[-8.9307,38.7673],[-8.9242,38.7579],[-8.9241,38.7509],[-8.9083,38.7418],[-8.904,38.7469],[-8.8973,38.7454],[-8.8924,38.7413],[-8.8752,38.7471],[-8.8683,38.748],[-8.8559,38.7541],[-8.8508,38.7585],[-8.8389,38.7618],[-8.8335,38.7611],[-8.8144,38.7458],[-8.8103,38.7401],[-8.8019,38.7416],[-8.7916,38.7341],[-8.7791,38.7339],[-8.7536,38.7428],[-8.7486,38.753],[-8.7439,38.7775],[-8.7339,38.7934],[-8.7213,38.8109],[-8.7094,38.8259],[-8.704,38.84],[-8.6969,38.8404],[-8.6865,38.8269],[-8.6752,38.8224],[-8.6707,38.8225],[-8.6577,38.8129],[-8.6475,38.8095],[-8.6393,38.8093],[-8.6387,38.8133],[-8.6307,38.8221],[-8.6293,38.8307],[-8.6152,38.8351],[-8.6122,38.8389],[-8.5983,38.8404],[-8.5956,38.8386],[-8.5993,38.8314],[-8.606,38.8264],[-8.6038,38.8228],[-8.6067,38.8083],[-8.604,38.8013],[-8.6054,38.7918],[-8.6125,38.786],[-8.6072,38.7774],[-8.6008,38.7765],[-8.5965,38.7716],[-8.5845,38.7667],[-8.5779,38.7719],[-8.5574,38.7693],[-8.5468,38.7634]]]},"properties":{"name":"SANTARÉM"}},
{"type":"Feature","geometry":{"type":"Polygon","coordinates":[[[-8.645,41.016],[-8.6357,41.0152],[-8.6311,41.0183],[-8.6183,41.0202],[-8.606,41.0257],[-8.5949,41.0146],[-8.5888,41.0137],[-8.5661,41.0138],[-8.5572,41.0156],[-8.5541,41.0231],[-8.555,41.0265],[-8.5456,41.0337],[-8.5362,41.0361],[-8.5279,41.0361],[-8.5203,41.0254],[-8.5144,41.0147],[-8.5056,41.0093],[-8.4951,41.0108],[-8.4892,41.0134],[-8.4919,41.0221],[-8.4775,41.0248],[-8.4757,41.034],[-8.4926,41.0396],[-8.4896,41.0492],[-8.4863,41.0526],[-8.4738,41.0511],[-8.46,41.0452],[-8.4527,41.0458],[-8.4487,41.0535],[-8.4431,41.0494],[-8.4331,41.0389],[-8.4284,41.0366],[-8.433,41.0292],[-8.4266,41.0207],[-8.4152,41.0151],[-8.3968,41.0124],[-8.3889,41.0045],[-8.3842,41.0037],[-8.3856,41.0198],[-8.3834,41.0235],[-8.396,41.0271],[-8.4009,41.0332],[-8.3985,41.0401],[-8.3986,41.0486],[-8.3944,41.0508],[-8.3814,41.0493],[-8.3685,41.0501],[-8.3584,41.0422],[-8.3522,41.0401],[-8.3428,41.0429],[-8.3336,41.0533],[-8.3258,41.0584],[-8.3147,41.0584],[-8.3007,41.0697],[-8.2983,41.077],[-8.2941,41.0801],[-8.2872,41.0789],[-8.2799,41.0674],[-8.2686,41.0642],[-8.264,41.0659],[-8.2585,41.0703],[-8.2467,41.0692],[-8.2328,41.079],[-8.2244,41.0785],[-8.2188,41.0816],[-8.2086,41.093],[-8.1991,41.0942],[-8.1855,41.0926],[-8.1729,41.0882],[-8.1609,41.0894],[-8.1469,41.0842],[-8.1332,41.0844],[-8.1273,41.0876],[-8.1179,41.0887],[-8.113,41.095],[-8.0984,41.1006],[-8.0875,41.0969],[-8.0827,41.0917],[-8.0682,41.0928],[-8.0593,41.09],[-8.0491,41.0905],[-8.0337,41.0964],[-8.0254,41.097],[-8.0133,41.1045],[-8.0001,41.1054],[-7.9896,41.1099],[-7.9785,41.1116],[-7.9686,41.1158],[-7.9621,41.1136],[-7.9512,41.1228],[-7.9442,41.1226],[-7.9294,41.1182],[-7.9213,41.12],[-7.9119,41.1199],[-7.9136,41.135],[-7.9089,41.1426],[-7.9012,41.1473],[-7.9037,41.1547],[-7.8896,41.1629],[-7.8971,41.1671],[-7.8989,41.1729],[-7.8903,41.1828],[-7.888,41.1891],[-7.8903,41.2024],[-7.8941,41.2092],[-7.8883,41.2178],[-7.8794,41.2371],[-7.8756,41.242],[-7.8836,41.2478],[-7.8942,41.2487],[-7.8958,41.2555],[-7.8942,41.2607],[-7.8964,41.2675],[-7.9026,41.2714],[-7.9151,41.2743],[-7.9141,41.2805],[-7.9186,41.284],[-7.9214,41.2903],[-7.9154,41.2976],[-7.9076,41.3027],[-7.9138,41.3055],[-7.9293,41.318],[-7.9398,41.3222],[-7.9582,41.3244],[-7.9653,41.3322],[-7.9567,41.3429],[-7.9496,41.3464],[-7.9479,41.3535],[-7.9594,41.3584],[-7.9726,41.3603],[-7.9699,41.3723],[-7.9742,41.3752],[-7.9811,41.366],[-7.9809,41.3618],[-7.9874,41.3564],[-7.9896,41.3466],[-7.9978,41.3426],[-8.0038,41.342],[-8.0121,41.3304],[-8.0216,41.3291],[-8.02,41.3245],[-8.029,41.3191],[-8.0357,41.3188],[-8.0464,41.3266],[-8.049,41.3318],[-8.0577,41.3331],[-8.0654,41.3433],[-8.07,41.3433],[-8.0771,41.3381],[-8.0802,41.331],[-8.0865,41.3293],[-8.0905,41.3355],[-8.0957,41.3383],[-8.1086,41.3404],[-8.1155,41.3464],[-8.1197,41.3432],[-8.1301,41.3486],[-8.1308,41.3553],[-8.1378,41.3605],[-8.1436,41.3597],[-8.1461,41.3642],[-8.1427,41.3716],[-8.1384,41.3742],[-8.1404,41.3784],[-8.1588,41.3812],[-8.1599,41.3921],[-8.1658,41.4003],[-8.1757,41.3993],[-8.1805,41.4025],[-8.1855,41.41],[-8.2006,41.4088],[-8.2154,41.4119],[-8.223,41.4099],[-8.224,41.4061],[-8.2204,41.3977],[-8.2228,41.3932],[-8.2287,41.3952],[-8.2346,41.3928],[-8.244,41.393],[-8.255,41.3847],[-8.2598,41.3786],[-8.2658,41.3773],[-8.27,41.3712],[-8.2781,41.3687],[-8.2743,41.3649],[-8.2771,41.3566],[-8.2784,41.3458],[-8.2871,41.3415],[-8.2899,41.3433],[-8.3037,41.3431],[-8.3099,41.3499],[-8.3164,41.3513],[-8.318,41.356],[-8.3231,41.3583],[-8.3281,41.3658],[-8.3261,41.3769],[-8.3355,41.3745],[-8.3427,41.3756],[-8.3453,41.3714],[-8.3572,41.3651],[-8.3756,41.3624],[-8.3765,41.366],[-8.3937,41.362],[-8.3956,41.3688],[-8.3885,41.3813],[-8.3994,41.3843],[-8.4124,41.3754],[-8.4231,41.3658],[-8.4315,41.363],[-8.4406,41.3635],[-8.4493,41.374],[-8.4551,41.3756],[-8.4681,41.3712],[-8.4752,41.3724],[-8.4841,41.3683],[-8.49,41.37],[-8.5015,41.3683],[-8.5029,41.3635],[-8.5081,41.3626],[-8.5173,41.354],[-8.5142,41.3494],[-8.5184,41.3457],[-8.5289,41.3466],[-8.5372,41.343],[-8.5502,41.3479],[-8.5604,41.3444],[-8.5687,41.3463],[-8.6024,41.3456],[-8.6031,41.3391],[-8.6106,41.3411],[-8.6112,41.3469],[-8.6152,41.3565],[-8.6154,41.3645],[-8.6214,41.3764],[-8.6229,41.3839],[-8.6087,41.3907],[-8.5998,41.3919],[-8.5923,41.395],[-8.5907,41.4],[-8.598,41.4027],[-8.6052,41.4127],[-8.6135,41.4082],[-8.6225,41.4099],[-8.6228,41.4146],[-8.6293,41.414],[-8.6347,41.4187],[-8.6403,41.4176],[-8.6501,41.4197],[-8.6507,41.4247],[-8.6574,41.4363],[-8.6681,41.4446],[-8.6832,41.4492],[-8.7008,41.4422],[-8.7123,41.4545],[-8.7198,41.4553],[-8.7295,41.4536],[-8.7395,41.4606],[-8.7463,41.4686],[-8.7526,41.4661],[-8.7688,41.4687],[-8.7764,41.472],[-8.78,41.4424],[-8.7847,41.4329],[-8.7843,41.4267],[-8.7889,41.4167],[-8.779,41.4015],[-8.7808,41.3957],[-8.7751,41.3914],[-8.7751,41.3861],[-8.7697,41.38],[-8.7689,41.3738],[-8.7617,41.3679],[-8.7609,41.3619],[-8.7551,41.3546],[-8.7552,41.3425],[-8.7414,41.3366],[-8.7394,41.3233],[-8.7414,41.3109],[-8.7372,41.2958],[-8.7336,41.2909],[-8.732,41.2819],[-8.7276,41.2685],[-8.7288,41.2652],[-8.7241,41.2562],[-8.7267,41.2447],[-8.7225,41.2283],[-8.7161,41.2212],[-8.7164,41.2032],[-8.7091,41.1948],[-8.7058,41.1861],[-8.6986,41.1792],[-8.6911,41.1747],[-8.6913,41.1688],[-8.6746,41.1471],[-8.668,41.142],[-8.6709,41.1315],[-8.6679,41.1272],[-8.6686,41.1215],[-8.6635,41.1169],[-8.6627,41.1007],[-8.6575,41.0907],[-8.658,41.0636],[-8.6563,41.0522],[-8.6486,41.0349],[-8.6448,41.0227],[-8.645,41.016]]]},"properties":{"name":"PORTO"}},
{"type":"Feature","geometry":{"type":"Polygon","coordinates":[[[-7.5125,37.5263],[-7.5123,37.5378],[-7.5197,37.5468],[-7.5227,37.5531],[-7.52,37.5591],[-7.5127,37.5602],[-7.5065,37.5584],[-7.5075,37.5668],[-7.5134,37.5659],[-7.5154,37.5699],[-7.5077,37.576],[-7.5026,37.5773],[-7.5012,37.5865],[-7.4975,37.5906],[-7.5037,37.6038],[-7.4982,37.607],[-7.4902,37.6033],[-7.4863,37.6079],[-7.4863,37.6123],[-7.4797,37.6184],[-7.4823,37.624],[-7.4779,37.6258],[-7.4713,37.6242],[-7.471,37.6349],[-7.4636,37.6419],[-7.4674,37.6487],[-7.4638,37.6497],[-7.4566,37.6459],[-7.4531,37.6485],[-7.4547,37.654],[-7.4513,37.6585],[-7.453,37.6634],[-7.4448,37.6639],[-7.4489,37.6747],[-7.4522,37.6781],[-7.4476,37.6816],[-7.4438,37.6892],[-7.4476,37.6979],[-7.4402,37.7063],[-7.4364,37.7178],[-7.4318,37.72],[-7.4266,37.7333],[-7.4276,37.7416],[-7.419,37.7435],[-7.4182,37.7468],[-7.4226,37.7546],[-7.4214,37.7589],[-7.4138,37.7595],[-7.4092,37.7666],[-7.3952,37.7651],[-7.3909,37.7712],[-7.3841,37.774],[-7.3765,37.7838],[-7.3703,37.7861],[-7.3667,37.7919],[-7.3605,37.7937],[-7.3571,37.7988],[-7.3516,37.8006],[-7.346,37.8058],[-7.3276,37.814],[-7.3213,37.8187],[-7.32,37.8239],[-7.3151,37.8274],[-7.3093,37.8367],[-7.3024,37.84],[-7.2976,37.8566],[-7.2895,37.8612],[-7.2835,37.8689],[-7.2796,37.877],[-7.2828,37.8902],[-7.2822,37.8976],[-7.2738,37.8988],[-7.2736,37.9049],[-7.2695,37.9063],[-7.2679,37.9126],[-7.2614,37.9181],[-7.2614,37.9217],[-7.2548,37.9237],[-7.2576,37.9321],[-7.2524,37.9421],[-7.2545,37.9462],[-7.2485,37.9543],[-7.2518,37.9597],[-7.2497,37.9669],[-7.2618,37.9775],[-7.2591,37.9818],[-7.25,37.9856],[-7.2456,37.9918],[-7.2306,37.9915],[-7.2267,37.9881],[-7.2181,37.9946],[-7.2054,37.9981],[-7.2008,38.0032],[-7.193,38.0007],[-7.1861,38.0021],[-7.184,37.9966],[-7.1774,37.9984],[-7.1734,37.9928],[-7.1663,37.9954],[-7.1588,37.9939],[-7.1431,38.0019],[-7.1373,37.999],[-7.1287,38.0017],[-7.1235,38.0079],[-7.1291,38.0108],[-7.1278,38.0219],[-7.1249,38.0251],[-7.1272,38.0306],[-7.1212,38.0329],[-7.1162,38.0317],[-7.1083,38.0409],[-7.0985,38.0438],[-7.0904,38.0384],[-7.0622,38.0269],[-7.0634,38.0196],[-7.0519,38.0188],[-7.0447,38.014],[-7.0312,38.0223],[-7.025,38.0247],[-7.0185,38.0217],[-7.0072,38.0208],[-7.002,38.0275],[-6.999,38.0348],[-7.0026,38.0425],[-7.0002,38.049],[-6.9905,38.0544],[-6.99,38.0703],[-6.9874,38.0748],[-6.9898,38.09],[-6.987,38.1036],[-6.9822,38.1028],[-6.9706,38.1105],[-6.9724,38.1148],[-6.9645,38.1283],[-6.9594,38.1335],[-6.958,38.1563],[-6.9626,38.1548],[-6.9692,38.1605],[-6.9614,38.1768],[-6.9536,38.1863],[-6.9426,38.1933],[-6.9338,38.2019],[-6.9378,38.2069],[-6.9383,38.2122],[-6.9423,38.2181],[-6.9564,38.217],[-6.9719,38.2021],[-6.9778,38.2065],[-6.9804,38.2113],[-6.9955,38.2038],[-7.0049,38.2046],[-7.0118,38.2033],[-7.0093,38.1984],[-7.0154,38.1974],[-7.0169,38.1924],[-7.0225,38.1854],[-7.0286,38.1825],[-7.0435,38.1873],[-7.0469,38.1817],[-7.0525,38.1795],[-7.0583,38.1866],[-7.0652,38.1826],[-7.0681,38.1778],[-7.0751,38.1765],[-7.0841,38.1694],[-7.0895,38.1787],[-7.0972,38.179],[-7.1022,38.1863],[-7.1078,38.188],[-7.1151,38.1849],[-7.1245,38.1848],[-7.1261,38.1753],[-7.1315,38.171],[-7.1416,38.1718],[-7.1467,38.1747],[-7.1524,38.1735],[-7.1551,38.1658],[-7.1498,38.1585],[-7.152,38.1547],[-7.1595,38.1599],[-7.1678,38.1749],[-7.1719,38.1846],[-7.181,38.1978],[-7.1836,38.2058],[-7.1984,38.2224],[-7.1991,38.2271],[-7.1934,38.2419],[-7.1901,38.2464],[-7.2178,38.2542],[-7.2244,38.2573],[-7.2344,38.2571],[-7.2441,38.2631],[-7.2539,38.2771],[-7.2602,38.2819],[-7.2611,38.2965],[-7.2654,38.3069],[-7.2714,38.3115],[-7.2788,38.3201],[-7.2779,38.3253],[-7.2804,38.3301],[-7.2888,38.3309],[-7.2947,38.326],[-7.3002,38.3267],[-7.3121,38.3243],[-7.3203,38.3169],[-7.3304,38.3173],[-7.3352,38.3213],[-7.3522,38.3069],[-7.3558,38.2993],[-7.3779,38.2988],[-7.3846,38.3022],[-7.3932,38.2952],[-7.3961,38.2989],[-7.4059,38.2989],[-7.4073,38.2954],[-7.3979,38.2926],[-7.4012,38.2876],[-7.4002,38.2834],[-7.4063,38.2796],[-7.4067,38.2726],[-7.4135,38.264],[-7.4321,38.2607],[-7.4381,38.243],[-7.4536,38.2347],[-7.461,38.2199],[-7.4701,38.214],[-7.4763,38.2139],[-7.4893,38.2109],[-7.4977,38.2045],[-7.498,38.1995],[-7.4916,38.1901],[-7.4978,38.1885],[-7.5419,38.1936],[-7.5585,38.1944],[-7.566,38.1888],[-7.5802,38.1938],[-7.5881,38.2033],[-7.5949,38.205],[-7.5996,38.2028],[-7.6098,38.2027],[-7.6175,38.2066],[-7.635,38.2095],[-7.6447,38.205],[-7.6538,38.2039],[-7.6696,38.2002],[-7.6934,38.2113],[-7.7,38.2114],[-7.7112,38.2141],[-7.724,38.2219],[-7.7342,38.2306],[-7.7341,38.2334],[-7.7482,38.239],[-7.759,38.2465],[-7.7643,38.2479],[-7.7807,38.2488],[-7.7906,38.2548],[-7.8036,38.2463],[-7.8178,38.2446],[-7.8212,38.252],[-7.8395,38.2518],[-7.8455,38.2575],[-7.854,38.2594],[-7.8637,38.2657],[-7.8695,38.2647],[-7.8728,38.2695],[-7.885,38.2764],[-7.8899,38.277],[-7.9003,38.2847],[-7.9075,38.2797],[-7.9113,38.2844],[-7.9079,38.2869],[-7.9163,38.291],[-7.9311,38.2963],[-7.9386,38.3031],[-7.9437,38.3053],[-7.9566,38.3071],[-7.9737,38.3162],[-7.9805,38.3171],[-7.994,38.3083],[-7.9957,38.3025],[-8.0097,38.2995],[-8.0199,38.3007],[-8.0298,38.3082],[-8.0364,38.3154],[-8.0436,38.3261],[-8.0517,38.3253],[-8.0551,38.3283],[-8.072,38.3184],[-8.0775,38.3223],[-8.0854,38.3201],[-8.0983,38.3209],[-8.1115,38.3197],[-8.1196,38.3149],[-8.1311,38.3129],[-8.1422,38.315],[-8.1492,38.3272],[-8.1525,38.3293],[-8.1618,38.3271],[-8.1595,38.321],[-8.1644,38.3198],[-8.1614,38.3179],[-8.1431,38.2978],[-8.1388,38.2844],[-8.1356,38.2781],[-8.1366,38.2744],[-8.1297,38.2663],[-8.131,38.2558],[-8.1299,38.2442],[-8.1313,38.2312],[-8.1299,38.224],[-8.142,38.2196],[-8.1605,38.2166],[-8.1654,38.2176],[-8.1809,38.2112],[-8.1829,38.2078],[-8.1918,38.2038],[-8.2031,38.2007],[-8.2186,38.2031],[-8.2297,38.197],[-8.2353,38.1833],[-8.2397,38.1795],[-8.2489,38.1795],[-8.2533,38.1822],[-8.2663,38.1801],[-8.2748,38.1861],[-8.2843,38.1866],[-8.2853,38.1805],[-8.2899,38.1704],[-8.2871,38.162],[-8.2915,38.155],[-8.2911,38.1387],[-8.308,38.1373],[-8.3146,38.1406],[-8.3139,38.1437],[-8.3245,38.1489],[-8.3336,38.1552],[-8.3364,38.1517],[-8.3384,38.141],[-8.3522,38.1414],[-8.3561,38.1374],[-8.3533,38.1287],[-8.3545,38.119],[-8.3601,38.1128],[-8.3597,38.1082],[-8.364,38.1036],[-8.3701,38.1033],[-8.3783,38.1116],[-8.3866,38.1162],[-8.3943,38.1075],[-8.3943,38.0985],[-8.3996,38.0858],[-8.4007,38.0791],[-8.4097,38.0724],[-8.4062,38.0641],[-8.3948,38.0529],[-8.3882,38.0513],[-8.3825,38.0447],[-8.3763,38.0443],[-8.3713,38.0406],[-8.3744,38.0317],[-8.3632,38.0277],[-8.3638,38.022],[-8.3531,38.0274],[-8.3475,38.0172],[-8.3278,38.0239],[-8.3144,38.0164],[-8.309,38.0076],[-8.3057,37.9991],[-8.2954,37.9932],[-8.2936,37.9842],[-8.2952,37.9796],[-8.2945,37.9644],[-8.2959,37.951],[-8.3071,37.93],[-8.3001,37.9241],[-8.3093,37.9117],[-8.3083,37.9069],[-8.2994,37.8992],[-8.3126,37.8917],[-8.3111,37.8818],[-8.3317,37.8691],[-8.3362,37.8646],[-8.333,37.8574],[-8.3308,37.847],[-8.3578,37.8542],[-8.3593,37.8579],[-8.3665,37.8576],[-8.3678,37.861],[-8.3803,37.8621],[-8.3858,37.8603],[-8.4243,37.867],[-8.4347,37.8709],[-8.4399,37.8671],[-8.4405,37.86],[-8.4621,37.8656],[-8.4703,37.8578],[-8.4793,37.855],[-8.5327,37.8549],[-8.5513,37.8474],[-8.5532,37.8386],[-8.552,37.8288],[-8.5481,37.8183],[-8.5644,37.8192],[-8.5691,37.817],[-8.5838,37.7994],[-8.582,37.7896],[-8.5841,37.7842],[-8.59,37.7783],[-8.5877,37.7569],[-8.6084,37.7594],[-8.6173,37.7495],[-8.6233,37.75],[-8.6247,37.7547],[-8.633,37.7531],[-8.6447,37.7628],[-8.6493,37.7608],[-8.6605,37.7683],[-8.6679,37.7667],[-8.6723,37.7632],[-8.672,37.7583],[-8.6835,37.7532],[-8.6901,37.7586],[-8.6957,37.7712],[-8.6951,37.7758],[-8.7073,37.7789],[-8.7092,37.7873],[-8.7188,37.7944],[-8.7265,37.8086],[-8.7316,37.8075],[-8.7366,37.8149],[-8.7493,37.8123],[-8.7606,37.8156],[-8.7614,37.8121],[-8.7706,37.8108],[-8.7762,37.8049],[-8.7827,37.8072],[-8.7855,37.8179],[-8.793,37.8196],[-8.7983,37.8018],[-8.8017,37.7955],[-8.802,37.7805],[-8.8071,37.7748],[-8.8045,37.7687],[-8.8075,37.7639],[-8.8078,37.7524],[-8.8121,37.7469],[-8.8098,37.7415],[-8.7971,37.7364],[-8.7924,37.7202],[-8.7873,37.7178],[-8.7919,37.7056],[-8.7956,37.7037],[-8.7922,37.6979],[-8.7935,37.6865],[-8.797,37.6795],[-8.7955,37.6756],[-8.8014,37.6647],[-8.8015,37.6538],[-8.8051,37.6486],[-8.8074,37.6381],[-8.8115,37.6303],[-8.8093,37.624],[-8.8128,37.6178],[-8.8119,37.6099],[-8.8165,37.6053],[-8.8193,37.5984],[-8.813,37.5887],[-8.8115,37.5801],[-8.8073,37.579],[-8.7997,37.5667],[-8.7969,37.5662],[-8.7953,37.5548],[-8.792,37.5516],[-8.7857,37.5328],[-8.7884,37.5272],[-8.7868,37.5219],[-8.7944,37.5097],[-8.7911,37.5047],[-8.7967,37.4988],[-8.795,37.4816],[-8.7992,37.4789],[-8.8004,37.473],[-8.7969,37.4642],[-8.8018,37.4462],[-8.7963,37.4429],[-8.7928,37.4364],[-8.7811,37.4339],[-8.7693,37.4366],[-8.7535,37.4303],[-8.7487,37.4228],[-8.7486,37.4159],[-8.7391,37.4145],[-8.7372,37.4039],[-8.7333,37.3952],[-8.7285,37.3985],[-8.723,37.3976],[-8.7159,37.3995],[-8.7139,37.3968],[-8.706,37.4002],[-8.6877,37.3955],[-8.6832,37.4007],[-8.6701,37.3984],[-8.6643,37.4008],[-8.6539,37.3882],[-8.6462,37.3833],[-8.6442,37.3761],[-8.6365,37.3779],[-8.6339,37.3866],[-8.6285,37.3893],[-8.6234,37.3994],[-8.6102,37.4029],[-8.6038,37.4009],[-8.5991,37.4028],[-8.5849,37.4035],[-8.5692,37.4109],[-8.5452,37.3969],[-8.5361,37.3894],[-8.5331,37.3892],[-8.5203,37.3816],[-8.5117,37.3797],[-8.5074,37.3856],[-8.4942,37.386],[-8.4564,37.375],[-8.4513,37.3766],[-8.4508,37.3831],[-8.4455,37.3826],[-8.4409,37.3864],[-8.4302,37.3834],[-8.4218,37.3937],[-8.4243,37.4108],[-8.4163,37.42],[-8.4081,37.4191],[-8.4071,37.4237],[-8.3952,37.4257],[-8.3869,37.4249],[-8.3722,37.4262],[-8.3642,37.4303],[-8.3501,37.4292],[-8.3454,37.426],[-8.337,37.4326],[-8.3319,37.4293],[-8.3314,37.424],[-8.3235,37.4269],[-8.3199,37.4369],[-8.3056,37.4314],[-8.2996,37.4334],[-8.2958,37.4311],[-8.2849,37.4309],[-8.2776,37.4246],[-8.2784,37.4138],[-8.2646,37.408],[-8.2758,37.4025],[-8.2746,37.3883],[-8.2672,37.3841],[-8.2592,37.388],[-8.2485,37.3846],[-8.2461,37.3779],[-8.2306,37.3675],[-8.2245,37.3663],[-8.2166,37.3596],[-8.2055,37.3539],[-8.1958,37.3456],[-8.1885,37.3416],[-8.1825,37.3428],[-8.1581,37.3336],[-8.1482,37.3318],[-8.133,37.3324],[-8.1228,37.3317],[-8.1133,37.3285],[-8.1077,37.3291],[-8.1026,37.3264],[-8.0959,37.3289],[-8.0897,37.327],[-8.0829,37.3288],[-8.0658,37.3189],[-8.0625,37.3236],[-8.0517,37.3288],[-8.0378,37.3425],[-8.0305,37.3523],[-8.017,37.3543],[-8.0156,37.3604],[-8.0077,37.3605],[-8.0012,37.3582],[-7.9983,37.3643],[-8.0009,37.3696],[-8.001,37.3806],[-8.0049,37.3863],[-8.0001,37.393],[-8.0003,37.3975],[-7.9868,37.3961],[-7.9789,37.4065],[-7.9718,37.4023],[-7.9653,37.409],[-7.9569,37.409],[-7.9553,37.4041],[-7.9415,37.4105],[-7.9388,37.4038],[-7.9301,37.4066],[-7.926,37.4128],[-7.9191,37.4077],[-7.9091,37.4102],[-7.9052,37.4062],[-7.8983,37.4183],[-7.8882,37.417],[-7.8968,37.4265],[-7.8929,37.4338],[-7.8763,37.4323],[-7.8726,37.4381],[-7.8668,37.4398],[-7.8613,37.4357],[-7.8554,37.4397],[-7.8572,37.4447],[-7.8524,37.4493],[-7.8423,37.4478],[-7.8323,37.4486],[-7.8259,37.4539],[-7.821,37.4526],[-7.8105,37.4568],[-7.8007,37.4626],[-7.7942,37.4712],[-7.7875,37.4685],[-7.7773,37.4732],[-7.7767,37.4767],[-7.7681,37.4807],[-7.7661,37.4874],[-7.754,37.4799],[-7.7472,37.4834],[-7.7424,37.4918],[-7.7331,37.491],[-7.7317,37.4969],[-7.7212,37.4931],[-7.713,37.5018],[-7.7084,37.4988],[-7.6979,37.5013],[-7.6785,37.5026],[-7.6751,37.5059],[-7.6689,37.5025],[-7.6617,37.5056],[-7.6595,37.5018],[-7.6461,37.4949],[-7.6415,37.5002],[-7.6346,37.4993],[-7.6309,37.4947],[-7.6202,37.4899],[-7.6144,37.495],[-7.61,37.5023],[-7.6002,37.5009],[-7.5962,37.5038],[-7.5939,37.5098],[-7.5966,37.5128],[-7.5879,37.5164],[-7.5839,37.5138],[-7.5791,37.5174],[-7.5744,37.5291],[-7.5635,37.5261],[-7.563,37.522],[-7.552,37.5228],[-7.5477,37.5258],[-7.5429,37.5232],[-7.531,37.5235],[-7.5163,37.5285],[-7.5125,37.5263]]]},"properties":{"name":"BEJA"}},
{"type":"Feature","geometry":{"type":"Polygon","coordinates":[[[-8.2279,38.9874],[-8.2182,38.9806],[-8.2101,38.9845],[-8.2026,38.9966],[-8.1921,39.0079],[-8.1827,39.013],[-8.1754,39.0197],[-8.1675,39.0182],[-8.1634,39.0151],[-8.152,39.0269],[-8.1455,39.0232],[-8.1404,39.0125],[-8.129,39.0122],[-8.131,39.023],[-8.1225,39.0238],[-8.1125,39.0216],[-8.1038,39.0227],[-8.0986,39.0127],[-8.1118,39.0144],[-8.1172,39.0106],[-8.1203,39.004],[-8.1193,38.995],[-8.1136,38.9918],[-8.1084,38.9751],[-8.1033,38.9694],[-8.0873,38.9761],[-8.0875,38.9844],[-8.09,38.9902],[-8.0885,38.9956],[-8.0831,39.0024],[-8.0863,39.0056],[-8.0785,39.0138],[-8.071,39.0158],[-8.0652,39.0138],[-8.0553,39.0071],[-8.0476,39.0083],[-8.0428,39.0034],[-8.0422,38.997],[-8.0357,38.9909],[-8.0256,38.9884],[-8.0137,38.9814],[-8.0171,38.9683],[-8.0204,38.964],[-8.0139,38.9584],[-8.019,38.9553],[-8.0235,38.949],[-8.0218,38.9409],[-8.0164,38.9411],[-8.0095,38.9452],[-7.9957,38.9422],[-7.9866,38.9443],[-7.9846,38.9474],[-7.968,38.9516],[-7.9611,38.9586],[-7.9579,38.9652],[-7.9464,38.972],[-7.9411,38.9698],[-7.9233,38.9719],[-7.9145,38.9646],[-7.914,38.9616],[-7.9072,38.9572],[-7.8987,38.9436],[-7.9006,38.9397],[-7.895,38.9314],[-7.8858,38.9247],[-7.877,38.9264],[-7.876,38.9084],[-7.8647,38.909],[-7.8527,38.9011],[-7.8476,38.9034],[-7.8307,38.9012],[-7.824,38.8994],[-7.7985,38.8988],[-7.7899,38.8958],[-7.7855,38.9071],[-7.7723,38.9011],[-7.7575,38.9054],[-7.752,38.9082],[-7.742,38.9185],[-7.7413,38.9265],[-7.7329,38.9392],[-7.7137,38.9205],[-7.6981,38.9124],[-7.6948,38.9193],[-7.6834,38.9294],[-7.6542,38.9164],[-7.6525,38.9123],[-7.6397,38.913],[-7.6409,38.9181],[-7.6369,38.9231],[-7.6268,38.9251],[-7.6341,38.9294],[-7.6291,38.9344],[-7.6254,38.9334],[-7.6198,38.94],[-7.6203,38.9428],[-7.6117,38.9474],[-7.6043,38.9538],[-7.5971,38.9565],[-7.5936,38.9542],[-7.5806,38.954],[-7.5646,38.9525],[-7.5666,38.9595],[-7.5567,38.9616],[-7.5423,38.968],[-7.5401,38.9713],[-7.5421,38.9791],[-7.5534,38.9919],[-7.5515,38.9953],[-7.5423,38.9939],[-7.5446,39.0027],[-7.5333,39.0084],[-7.5275,38.9998],[-7.5217,38.9959],[-7.5126,38.9861],[-7.506,38.99],[-7.5019,38.9851],[-7.492,38.9891],[-7.4832,38.9854],[-7.4828,38.9767],[-7.4742,38.9769],[-7.4659,38.9722],[-7.4648,38.969],[-7.4529,38.9644],[-7.4576,38.9573],[-7.4638,38.955],[-7.4617,38.9464],[-7.4661,38.9409],[-7.4582,38.9382],[-7.4549,38.9337],[-7.4661,38.926],[-7.4617,38.9222],[-7.4516,38.92],[-7.4229,38.9035],[-7.4218,38.8994],[-7.4278,38.888],[-7.4238,38.8801],[-7.4259,38.8772],[-7.4223,38.8659],[-7.4159,38.8649],[-7.4072,38.8602],[-7.4094,38.8581],[-7.4046,38.8487],[-7.4135,38.8506],[-7.4217,38.8463],[-7.4131,38.8441],[-7.4042,38.8353],[-7.4049,38.831],[-7.3974,38.824],[-7.3946,38.8157],[-7.3958,38.8117],[-7.3903,38.8014],[-7.3817,38.8068],[-7.3722,38.8101],[-7.373,38.8049],[-7.3687,38.8004],[-7.3533,38.8055],[-7.3522,38.8011],[-7.3468,38.7981],[-7.3318,38.805],[-7.33,38.8036],[-7.319,38.8095],[-7.3192,38.8133],[-7.3253,38.8206],[-7.3256,38.8252],[-7.3102,38.829],[-7.3026,38.8336],[-7.3041,38.8374],[-7.2947,38.8406],[-7.2915,38.8361],[-7.2791,38.8279],[-7.2752,38.8324],[-7.2632,38.8384],[-7.2595,38.845],[-7.2453,38.8479],[-7.239,38.8439],[-7.2264,38.8286],[-7.2181,38.8358],[-7.214,38.8314],[-7.2145,38.8244],[-7.2192,38.8211],[-7.2144,38.8167],[-7.2111,38.8078],[-7.2184,38.8025],[-7.2158,38.7995],[-7.2227,38.7958],[-7.2324,38.7852],[-7.2284,38.7742],[-7.2276,38.7668],[-7.2171,38.7642],[-7.2134,38.7569],[-7.2037,38.7515],[-7.1958,38.7612],[-7.1968,38.765],[-7.1833,38.7725],[-7.1702,38.7766],[-7.1617,38.7814],[-7.1561,38.7917],[-7.1478,38.8003],[-7.1254,38.8153],[-7.1047,38.817],[-7.0964,38.816],[-7.0881,38.8227],[-7.0866,38.8281],[-7.0774,38.8412],[-7.0751,38.8466],[-7.0682,38.8544],[-7.0612,38.8581],[-7.0531,38.8582],[-7.0392,38.8647],[-7.0398,38.8681],[-7.033,38.8788],[-7.0353,38.8832],[-7.0405,38.8846],[-7.0393,38.8924],[-7.0448,38.9017],[-7.0522,38.907],[-7.0326,38.9183],[-7.0263,38.9245],[-7.0217,38.938],[-7.0135,38.9488],[-6.9983,38.9636],[-6.9923,38.9721],[-6.9866,38.9763],[-6.9818,38.985],[-6.9643,39.0112],[-6.9511,39.0236],[-6.9678,39.0395],[-6.9594,39.0545],[-6.9627,39.0608],[-6.9689,39.0668],[-6.9704,39.0726],[-6.9781,39.0821],[-6.9809,39.0878],[-6.996,39.0993],[-7.0089,39.1042],[-7.015,39.1089],[-7.0282,39.1157],[-7.0396,39.1181],[-7.0537,39.1177],[-7.0556,39.1156],[-7.0678,39.1132],[-7.0782,39.1093],[-7.0955,39.1064],[-7.101,39.1045],[-7.1053,39.0992],[-7.122,39.1039],[-7.144,39.1086],[-7.1478,39.1142],[-7.1494,39.1216],[-7.1436,39.1277],[-7.1421,39.1392],[-7.1364,39.1465],[-7.1404,39.1504],[-7.136,39.155],[-7.1322,39.1645],[-7.1351,39.1715],[-7.1472,39.172],[-7.1669,39.1812],[-7.1764,39.1806],[-7.1878,39.1833],[-7.1937,39.1873],[-7.1998,39.1859],[-7.2216,39.1933],[-7.228,39.2007],[-7.2415,39.2083],[-7.24,39.2179],[-7.2451,39.2259],[-7.2417,39.2344],[-7.242,39.2422],[-7.2458,39.2457],[-7.248,39.2534],[-7.2355,39.2733],[-7.2315,39.2783],[-7.2452,39.2869],[-7.2702,39.3042],[-7.2686,39.3087],[-7.2815,39.3206],[-7.288,39.3231],[-7.2923,39.3288],[-7.302,39.3317],[-7.3103,39.341],[-7.306,39.3511],[-7.3063,39.3563],[-7.3104,39.3617],[-7.3105,39.369],[-7.3178,39.3781],[-7.3229,39.382],[-7.3214,39.3866],[-7.31,39.3987],[-7.3055,39.4111],[-7.3026,39.4122],[-7.3014,39.4225],[-7.3086,39.4303],[-7.3049,39.4377],[-7.3056,39.4461],[-7.2943,39.4568],[-7.3004,39.4633],[-7.3093,39.4676],[-7.3195,39.4702],[-7.3251,39.4754],[-7.3381,39.479],[-7.3438,39.4781],[-7.3498,39.4881],[-7.3556,39.4841],[-7.3647,39.482],[-7.365,39.4862],[-7.3771,39.4892],[-7.3788,39.4945],[-7.3868,39.4988],[-7.3904,39.5032],[-7.3877,39.5104],[-7.3888,39.5246],[-7.3921,39.5306],[-7.4,39.5338],[-7.4053,39.5308],[-7.4105,39.5323],[-7.4267,39.5327],[-7.4417,39.5432],[-7.4445,39.5509],[-7.448,39.5518],[-7.4516,39.5617],[-7.4598,39.5668],[-7.4609,39.5723],[-7.4669,39.577],[-7.479,39.5788],[-7.4883,39.5868],[-7.4951,39.5862],[-7.4994,39.5896],[-7.5001,39.5995],[-7.5078,39.6068],[-7.5101,39.6188],[-7.5206,39.6262],[-7.5274,39.6349],[-7.5248,39.6424],[-7.5276,39.6475],[-7.5276,39.6559],[-7.5417,39.6637],[-7.5516,39.6576],[-7.5668,39.6603],[-7.5791,39.6588],[-7.5941,39.651],[-7.5967,39.6396],[-7.6073,39.6371],[-7.6235,39.6272],[-7.6374,39.6227],[-7.6485,39.6248],[-7.6609,39.6346],[-7.6679,39.6466],[-7.6731,39.6489],[-7.6904,39.6415],[-7.6961,39.6379],[-7.7052,39.6354],[-7.7148,39.6267],[-7.7154,39.6212],[-7.7127,39.6085],[-7.7162,39.605],[-7.7223,39.5933],[-7.7262,39.5916],[-7.7339,39.5935],[-7.7549,39.5883],[-7.7639,39.5713],[-7.7699,39.5642],[-7.7754,39.563],[-7.7872,39.5552],[-7.7894,39.5507],[-7.7999,39.544],[-7.8136,39.5429],[-7.8251,39.5374],[-7.8364,39.5215],[-7.8391,39.5147],[-7.8477,39.5107],[-7.8565,39.514],[-7.8666,39.5204],[-7.8731,39.5279],[-7.8789,39.529],[-7.9067,39.5413],[-7.9102,39.5482],[-7.9276,39.5523],[-7.9377,39.5563],[-7.9493,39.5581],[-7.9515,39.5632],[-7.9596,39.561],[-7.961,39.5555],[-7.9697,39.5491],[-7.9683,39.546],[-7.9696,39.5365],[-7.9758,39.5296],[-7.9786,39.5213],[-7.9856,39.5125],[-7.9928,39.5115],[-7.9942,39.5071],[-8.0001,39.5049],[-8.0013,39.4987],[-8.0052,39.4952],[-8.0006,39.4921],[-8.0022,39.4866],[-7.998,39.4808],[-8.0038,39.4792],[-8.0089,39.4732],[-8.0063,39.4618],[-7.9968,39.453],[-7.9954,39.4483],[-7.9852,39.4451],[-7.9765,39.4387],[-7.9706,39.4366],[-7.9688,39.4317],[-7.9587,39.4289],[-7.9531,39.4245],[-7.9476,39.4245],[-7.9432,39.4202],[-7.9395,39.41],[-7.9465,39.4053],[-7.949,39.4002],[-7.9585,39.3976],[-7.9596,39.3907],[-7.9631,39.3901],[-7.9684,39.3832],[-7.9911,39.3826],[-7.9977,39.3752],[-8.0012,39.3679],[-8.0074,39.366],[-8.0148,39.3669],[-8.0282,39.3631],[-8.0296,39.3569],[-8.0265,39.3416],[-8.0329,39.3351],[-8.0412,39.3305],[-8.042,39.3243],[-8.048,39.3195],[-8.0498,39.312],[-8.0575,39.3098],[-8.0618,39.3025],[-8.067,39.3016],[-8.0756,39.2916],[-8.0753,39.2858],[-8.0779,39.2787],[-8.0885,39.2752],[-8.1166,39.2797],[-8.1203,39.2867],[-8.1345,39.2874],[-8.1531,39.2729],[-8.1559,39.2656],[-8.1552,39.2594],[-8.1514,39.2496],[-8.1586,39.2457],[-8.1612,39.2404],[-8.1734,39.2316],[-8.1817,39.2292],[-8.1849,39.2186],[-8.1942,39.2143],[-8.2207,39.1955],[-8.2241,39.1944],[-8.2339,39.1816],[-8.2443,39.1828],[-8.2621,39.1774],[-8.2686,39.1709],[-8.2883,39.1667],[-8.29,39.1635],[-8.2988,39.1629],[-8.3029,39.1545],[-8.3023,39.1502],[-8.3118,39.1432],[-8.3168,39.1377],[-8.32,39.1291],[-8.3298,39.1203],[-8.3335,39.114],[-8.3433,39.1101],[-8.3434,39.1003],[-8.3343,39.0949],[-8.3159,39.0899],[-8.31,39.0892],[-8.3077,39.0839],[-8.2964,39.0831],[-8.291,39.0788],[-8.2891,39.0686],[-8.2907,39.0587],[-8.2815,39.0504],[-8.2784,39.0522],[-8.268,39.0526],[-8.2682,39.0473],[-8.2631,39.0364],[-8.262,39.0269],[-8.2633,39.0186],[-8.2603,39.0123],[-8.2502,39.0063],[-8.2444,38.9993],[-8.2346,39.0014],[-8.23,39.0046],[-8.221,38.9956],[-8.2195,38.9905],[-8.2279,38.9874]]]},"properties":{"name":"PORTALEGRE"}},
{"type":"Feature","geometry":{"type":"MultiPolygon","coordinates":[[[[-7.4179,40.9218],[-7.4243,40.9144],[-7.4301,40.9034],[-7.4304,40.8944],[-7.4255,40.8867],[-7.4166,40.8849],[-7.4048,40.88],[-7.3985,40.8803],[-7.3881,40.8851],[-7.3789,40.9012],[-7.3816,40.9075],[-7.3934,40.9097],[-7.4095,40.9218],[-7.4179,40.9218]]],[[[-7.7824,40.2299],[-7.7703,40.2372],[-7.7599,40.2348],[-7.7468,40.2367],[-7.7338,40.2369],[-7.7261,40.2472],[-7.7142,40.2546],[-7.71,40.2608],[-7.6962,40.2649],[-7.6859,40.2702],[-7.6715,40.2719],[-7.6612,40.2712],[-7.6453,40.2802],[-7.6438,40.2832],[-7.6313,40.2902],[-7.6303,40.294],[-7.6187,40.2997],[-7.6191,40.3095],[-7.6135,40.3159],[-7.6129,40.3219],[-7.603,40.3244],[-7.5936,40.3236],[-7.5866,40.3198],[-7.5813,40.3113],[-7.5709,40.3199],[-7.5549,40.3203],[-7.5372,40.3178],[-7.5333,40.3218],[-7.532,40.3289],[-7.5292,40.331],[-7.5176,40.345],[-7.519,40.3497],[-7.5157,40.36],[-7.5165,40.3665],[-7.5105,40.3722],[-7.5054,40.38],[-7.4962,40.3852],[-7.4871,40.3948],[-7.4769,40.3967],[-7.4616,40.4018],[-7.4554,40.3969],[-7.4473,40.3868],[-7.4375,40.3867],[-7.4289,40.3916],[-7.4195,40.3908],[-7.4183,40.3874],[-7.4062,40.381],[-7.3945,40.3807],[-7.3811,40.3824],[-7.3781,40.3856],[-7.3655,40.3914],[-7.3595,40.3924],[-7.3512,40.3901],[-7.3455,40.3864],[-7.3414,40.3976],[-7.3425,40.4001],[-7.3327,40.4059],[-7.3276,40.4108],[-7.3171,40.4104],[-7.3118,40.4046],[-7.3068,40.4035],[-7.2928,40.4161],[-7.2859,40.4118],[-7.2769,40.4109],[-7.2704,40.4081],[-7.2714,40.3983],[-7.2702,40.3876],[-7.2739,40.3755],[-7.277,40.372],[-7.2734,40.3489],[-7.2758,40.3394],[-7.286,40.3303],[-7.2867,40.325],[-7.3093,40.3027],[-7.314,40.3037],[-7.3249,40.2954],[-7.3326,40.2939],[-7.3191,40.2807],[-7.3091,40.2791],[-7.2968,40.2715],[-7.2852,40.2723],[-7.2736,40.2657],[-7.2575,40.2675],[-7.2438,40.2591],[-7.2357,40.262],[-7.2248,40.2785],[-7.2157,40.2849],[-7.2056,40.2858],[-7.1979,40.2837],[-7.183,40.2773],[-7.1789,40.2736],[-7.1736,40.2755],[-7.1686,40.2678],[-7.1605,40.2691],[-7.1511,40.2764],[-7.136,40.2829],[-7.133,40.2906],[-7.1355,40.295],[-7.1313,40.3091],[-7.1247,40.3174],[-7.1174,40.3234],[-7.1119,40.3246],[-7.1023,40.3206],[-7.098,40.3149],[-7.0981,40.3059],[-7.0868,40.2901],[-7.0937,40.2844],[-7.0836,40.2785],[-7.0752,40.279],[-7.0666,40.2764],[-7.0591,40.2764],[-7.0516,40.2801],[-7.04,40.2804],[-7.0323,40.2783],[-7.0215,40.2836],[-7.0229,40.2901],[-7.0139,40.2901],[-7.0005,40.2807],[-6.9973,40.2813],[-6.9866,40.2775],[-6.9832,40.2726],[-6.9738,40.271],[-6.965,40.2667],[-6.962,40.2681],[-6.9514,40.2576],[-6.9452,40.2566],[-6.9381,40.2587],[-6.9261,40.2583],[-6.9189,40.2557],[-6.9073,40.2539],[-6.8915,40.2597],[-6.8833,40.2584],[-6.8762,40.26],[-6.868,40.2643],[-6.8622,40.2792],[-6.8644,40.2842],[-6.8639,40.2962],[-6.8614,40.2996],[-6.8477,40.3069],[-6.8403,40.3135],[-6.8266,40.3189],[-6.8245,40.3229],[-6.818,40.325],[-6.804,40.3244],[-6.7941,40.3286],[-6.7903,40.3342],[-6.791,40.3439],[-6.7938,40.3501],[-6.7934,40.3565],[-6.7812,40.3638],[-6.7842,40.3699],[-6.7934,40.3721],[-6.7987,40.3778],[-6.8105,40.385],[-6.8128,40.3912],[-6.8219,40.3956],[-6.8345,40.4077],[-6.8387,40.4147],[-6.8497,40.4515],[-6.8402,40.4687],[-6.8352,40.4754],[-6.8227,40.4832],[-6.8176,40.4901],[-6.8171,40.497],[-6.8108,40.5052],[-6.7953,40.5114],[-6.7974,40.5224],[-6.8042,40.5312],[-6.8055,40.5394],[-6.8009,40.5504],[-6.8083,40.5544],[-6.8232,40.5582],[-6.8349,40.5643],[-6.8454,40.566],[-6.8368,40.5846],[-6.8387,40.5927],[-6.8317,40.6006],[-6.8209,40.6105],[-6.806,40.6333],[-6.8036,40.6431],[-6.7989,40.6553],[-6.794,40.6613],[-6.8046,40.6671],[-6.8018,40.6778],[-6.8071,40.698],[-6.8113,40.7019],[-6.8132,40.7084],[-6.8108,40.7169],[-6.8254,40.7348],[-6.8305,40.743],[-6.8312,40.7528],[-6.8259,40.7678],[-6.8278,40.7761],[-6.8255,40.7853],[-6.8221,40.7878],[-6.817,40.7969],[-6.8173,40.8075],[-6.8238,40.8183],[-6.8239,40.8325],[-6.8212,40.837],[-6.8255,40.8423],[-6.8144,40.842],[-6.8033,40.8462],[-6.8014,40.8527],[-6.8019,40.8607],[-6.8054,40.8662],[-6.8047,40.8704],[-6.81,40.8829],[-6.8196,40.881],[-6.8225,40.8849],[-6.8306,40.8857],[-6.8381,40.8901],[-6.8428,40.8975],[-6.8491,40.9028],[-6.8478,40.9251],[-6.8533,40.9317],[-6.8525,40.9364],[-6.86,40.9508],[-6.8666,40.9573],[-6.8754,40.9608],[-6.8788,40.9663],[-6.8858,40.9717],[-6.8903,40.9809],[-6.9038,40.9901],[-6.9099,40.9996],[-6.9216,41.0025],[-6.9247,41.011],[-6.9316,41.0168],[-6.9296,41.0238],[-6.9314,41.0294],[-6.9399,41.0291],[-6.9611,41.0319],[-6.9681,41.0364],[-6.9738,41.035],[-6.9836,41.0263],[-6.9932,41.0256],[-6.9955,41.0348],[-7.0037,41.0365],[-7.0105,41.0408],[-7.0275,41.0383],[-7.0435,41.0443],[-7.0495,41.0477],[-7.0515,41.0577],[-7.0582,41.063],[-7.0792,41.0733],[-7.1013,41.0799],[-7.1056,41.0915],[-7.1013,41.106],[-7.093,41.1118],[-7.0856,41.1204],[-7.0842,41.1279],[-7.0879,41.1319],[-7.1009,41.1358],[-7.1079,41.1361],[-7.1228,41.1343],[-7.13,41.1375],[-7.1299,41.1425],[-7.1199,41.1465],[-7.1147,41.1508],[-7.113,41.1638],[-7.1128,41.1759],[-7.1185,41.1793],[-7.1249,41.1771],[-7.1284,41.1658],[-7.1324,41.1603],[-7.148,41.1563],[-7.1585,41.1434],[-7.1604,41.1389],[-7.1602,41.1303],[-7.1638,41.1261],[-7.1738,41.1273],[-7.1844,41.1262],[-7.1973,41.1281],[-7.203,41.1337],[-7.2112,41.1363],[-7.226,41.1369],[-7.2351,41.1408],[-7.2495,41.145],[-7.2687,41.1423],[-7.2829,41.1355],[-7.2978,41.1395],[-7.3046,41.1395],[-7.308,41.1371],[-7.3182,41.121],[-7.3229,41.1191],[-7.326,41.1064],[-7.3282,41.1044],[-7.3278,41.0945],[-7.3314,41.0878],[-7.33,41.0783],[-7.3361,41.0736],[-7.3428,41.0575],[-7.3452,41.0474],[-7.3403,41.0444],[-7.344,41.0409],[-7.3412,41.0352],[-7.3411,41.0285],[-7.3349,41.0223],[-7.3375,41.0143],[-7.348,41.0111],[-7.3558,41.0114],[-7.3628,41.0142],[-7.379,41.0134],[-7.3791,41.0043],[-7.3754,40.9995],[-7.3788,40.9912],[-7.3708,40.9919],[-7.3627,40.9864],[-7.3492,40.9811],[-7.3402,40.9809],[-7.3253,40.972],[-7.331,40.9585],[-7.331,40.9539],[-7.3348,40.9434],[-7.3312,40.9404],[-7.3362,40.9341],[-7.3568,40.9288],[-7.3742,40.9125],[-7.3758,40.9056],[-7.3742,40.8943],[-7.3763,40.887],[-7.3844,40.8805],[-7.3774,40.8746],[-7.3816,40.8712],[-7.3893,40.8788],[-7.4014,40.8794],[-7.4078,40.8706],[-7.4067,40.8688],[-7.4139,40.8564],[-7.4259,40.842],[-7.428,40.8364],[-7.4349,40.828],[-7.436,40.8243],[-7.4454,40.8163],[-7.4514,40.8135],[-7.4644,40.8215],[-7.4638,40.826],[-7.4791,40.832],[-7.4825,40.8395],[-7.4925,40.8476],[-7.5002,40.8571],[-7.5108,40.8594],[-7.5142,40.8639],[-7.5141,40.8693],[-7.5293,40.873],[-7.5585,40.8732],[-7.5662,40.8675],[-7.5768,40.8628],[-7.5879,40.8499],[-7.5914,40.8297],[-7.5978,40.8254],[-7.6041,40.8153],[-7.6074,40.8058],[-7.621,40.7955],[-7.6254,40.784],[-7.6073,40.7729],[-7.5974,40.7715],[-7.5841,40.7655],[-7.5755,40.7559],[-7.5707,40.7475],[-7.5797,40.7386],[-7.5968,40.7287],[-7.5927,40.7157],[-7.5862,40.7095],[-7.5708,40.6987],[-7.5627,40.6944],[-7.5426,40.6959],[-7.5351,40.6903],[-7.5381,40.6854],[-7.5428,40.6844],[-7.5514,40.6771],[-7.5528,40.6677],[-7.5421,40.6594],[-7.5509,40.6538],[-7.5615,40.6494],[-7.5658,40.6453],[-7.5618,40.6359],[-7.5686,40.624],[-7.5732,40.6192],[-7.5825,40.5953],[-7.5891,40.5855],[-7.5866,40.5724],[-7.5951,40.5681],[-7.6021,40.568],[-7.6059,40.5653],[-7.6133,40.568],[-7.6215,40.5659],[-7.6353,40.568],[-7.6403,40.5638],[-7.6494,40.5631],[-7.6547,40.5593],[-7.6655,40.5597],[-7.6674,40.5536],[-7.6827,40.552],[-7.6901,40.546],[-7.6991,40.548],[-7.7132,40.5435],[-7.7186,40.5371],[-7.7252,40.533],[-7.7451,40.5259],[-7.7583,40.527],[-7.7659,40.5181],[-7.7719,40.5182],[-7.7783,40.5104],[-7.7836,40.5074],[-7.8119,40.5084],[-7.8228,40.5079],[-7.8228,40.4996],[-7.8283,40.4985],[-7.8273,40.4818],[-7.818,40.4757],[-7.8134,40.4694],[-7.7969,40.4574],[-7.8108,40.4394],[-7.82,40.4414],[-7.8274,40.4398],[-7.8357,40.435],[-7.8426,40.4333],[-7.8492,40.4275],[-7.8455,40.424],[-7.8451,40.4141],[-7.834,40.4085],[-7.8269,40.4032],[-7.8091,40.4058],[-7.7972,40.405],[-7.7988,40.3887],[-7.7959,40.3736],[-7.7996,40.3692],[-7.7971,40.362],[-7.8046,40.3577],[-7.8051,40.3493],[-7.7874,40.346],[-7.784,40.34],[-7.7776,40.3358],[-7.7602,40.3359],[-7.761,40.3289],[-7.7651,40.3166],[-7.7721,40.3154],[-7.7804,40.3181],[-7.7911,40.3128],[-7.7932,40.309],[-7.8013,40.3094],[-7.8064,40.304],[-7.8071,40.295],[-7.8134,40.2842],[-7.8182,40.2822],[-7.8169,40.2717],[-7.8259,40.2651],[-7.8216,40.2567],[-7.8038,40.2563],[-7.7887,40.2407],[-7.7824,40.2299]]]]},"properties":{"name":"GUARDA"}},
{"type":"Feature","geometry":{"type":"Polygon","coordinates":[[[-8.8949,40.0455],[-8.8815,40.0405],[-8.8706,40.0348],[-8.8666,40.0268],[-8.8686,40.0234],[-8.8493,40.0233],[-8.8388,40.0283],[-8.8255,40.0218],[-8.8185,40.0209],[-8.8153,40.0165],[-8.8005,40.0126],[-8.7976,40.0214],[-8.7843,40.0363],[-8.7625,40.0412],[-8.7432,40.0358],[-8.7334,40.0319],[-8.7168,40.0308],[-8.7029,40.0275],[-8.6956,40.0298],[-8.6907,40.0266],[-8.6743,40.0295],[-8.6664,40.0164],[-8.6599,40.0166],[-8.6522,40.0115],[-8.6401,40.0097],[-8.6447,40.0024],[-8.6423,39.9995],[-8.6429,39.9904],[-8.6162,39.9916],[-8.6119,40.0014],[-8.6022,40.0116],[-8.5983,40.0225],[-8.5927,40.024],[-8.5895,40.0281],[-8.5626,40.0282],[-8.5524,40.024],[-8.5516,40.0091],[-8.5492,39.9965],[-8.5489,39.9844],[-8.5465,39.9781],[-8.5519,39.9726],[-8.5517,39.9616],[-8.5483,39.9561],[-8.5388,39.9488],[-8.5276,39.9582],[-8.5232,39.9666],[-8.5207,39.9803],[-8.5228,39.9836],[-8.5089,39.9852],[-8.5039,39.9845],[-8.4906,39.9861],[-8.4865,39.9925],[-8.4741,39.9975],[-8.4592,40.0071],[-8.4555,40.0156],[-8.4479,40.0139],[-8.4333,40.003],[-8.4248,40.0068],[-8.4368,40.0161],[-8.4299,40.0253],[-8.426,40.0266],[-8.4022,40.0009],[-8.3989,39.9882],[-8.4026,39.9791],[-8.3948,39.9749],[-8.3799,39.9554],[-8.3811,39.9514],[-8.3904,39.9512],[-8.393,39.9377],[-8.4002,39.9348],[-8.4071,39.9347],[-8.4073,39.9297],[-8.3971,39.926],[-8.3858,39.9239],[-8.3816,39.9273],[-8.3738,39.9238],[-8.3734,39.9327],[-8.3593,39.9356],[-8.3555,39.9432],[-8.3518,39.9442],[-8.3345,39.9574],[-8.3343,39.961],[-8.3264,39.9639],[-8.328,39.9693],[-8.3187,39.9747],[-8.3191,39.9849],[-8.312,39.9888],[-8.307,39.9743],[-8.2853,39.9655],[-8.2804,39.9677],[-8.2721,39.9754],[-8.2746,39.9797],[-8.2708,39.9894],[-8.2775,39.9899],[-8.2897,39.9986],[-8.298,40.0094],[-8.2969,40.0156],[-8.2887,40.0213],[-8.288,40.025],[-8.2811,40.0308],[-8.282,40.0364],[-8.2761,40.0419],[-8.2758,40.0454],[-8.2641,40.0531],[-8.2555,40.0525],[-8.2493,40.0547],[-8.2422,40.0673],[-8.2334,40.0671],[-8.2097,40.0521],[-8.2087,40.0581],[-8.204,40.0642],[-8.194,40.0703],[-8.1884,40.0794],[-8.1791,40.0897],[-8.163,40.0832],[-8.1619,40.08],[-8.1517,40.0738],[-8.1437,40.0728],[-8.1426,40.0651],[-8.1478,40.0574],[-8.1485,40.0508],[-8.1531,40.0398],[-8.1521,40.0333],[-8.1568,40.0274],[-8.1542,40.0215],[-8.1439,40.0133],[-8.1372,39.9997],[-8.1253,39.9892],[-8.1196,39.9867],[-8.1151,39.9766],[-8.11,39.9715],[-8.1121,39.967],[-8.1083,39.9632],[-8.1129,39.954],[-8.1204,39.9524],[-8.1235,39.9446],[-8.1318,39.9407],[-8.1327,39.9376],[-8.123,39.9329],[-8.1187,39.9341],[-8.1208,39.9412],[-8.1143,39.9487],[-8.099,39.9412],[-8.0878,39.9425],[-8.0825,39.9471],[-8.0875,39.9531],[-8.0865,39.9651],[-8.0789,39.9615],[-8.0778,39.957],[-8.0671,39.9548],[-8.0618,39.9559],[-8.0558,39.9696],[-8.0487,39.9632],[-8.0388,39.9636],[-8.0337,39.9604],[-8.0299,39.9653],[-8.0365,39.9769],[-8.0324,39.984],[-8.0282,39.9785],[-8.0163,39.9713],[-8.0119,39.974],[-8.0052,39.9732],[-8.0074,39.9792],[-8.0141,39.9846],[-8.0114,39.9892],[-8.0022,39.9837],[-7.9975,39.9781],[-7.9909,39.9781],[-7.9923,39.9866],[-7.989,39.989],[-7.9773,39.9891],[-7.9717,39.986],[-7.9678,39.9795],[-7.962,39.9779],[-7.9631,39.986],[-7.9548,39.9921],[-7.9529,40.0024],[-7.9413,39.9999],[-7.9347,40.002],[-7.9202,39.9985],[-7.9144,40.0007],[-7.9158,40.0055],[-7.902,40.0029],[-7.9061,40.0088],[-7.9083,40.02],[-7.9159,40.0328],[-7.9044,40.0417],[-7.9,40.0434],[-7.892,40.0414],[-7.8857,40.0452],[-7.8717,40.0497],[-7.8642,40.0581],[-7.8552,40.059],[-7.8483,40.054],[-7.8375,40.051],[-7.8251,40.0507],[-7.8125,40.0382],[-7.8013,40.045],[-7.8087,40.0479],[-7.8091,40.0523],[-7.8004,40.0614],[-7.8057,40.0657],[-7.8058,40.0716],[-7.7966,40.0765],[-7.7993,40.0787],[-7.8106,40.0736],[-7.7983,40.0879],[-7.7923,40.0857],[-7.7915,40.0812],[-7.7855,40.0723],[-7.7764,40.0686],[-7.7716,40.0743],[-7.763,40.0772],[-7.7574,40.0838],[-7.7428,40.0924],[-7.745,40.0979],[-7.7402,40.1041],[-7.7334,40.1039],[-7.7361,40.124],[-7.7739,40.145],[-7.7739,40.1552],[-7.7761,40.1576],[-7.7943,40.1595],[-7.801,40.1666],[-7.8008,40.1759],[-7.8076,40.1817],[-7.7957,40.2016],[-7.7843,40.2082],[-7.7824,40.2299],[-7.7887,40.2407],[-7.8038,40.2563],[-7.8216,40.2567],[-7.8259,40.2651],[-7.8169,40.2717],[-7.8182,40.2822],[-7.8134,40.2842],[-7.8071,40.295],[-7.8064,40.304],[-7.8013,40.3094],[-7.7932,40.309],[-7.7911,40.3128],[-7.7804,40.3181],[-7.7721,40.3154],[-7.7651,40.3166],[-7.761,40.3289],[-7.7602,40.3359],[-7.7776,40.3358],[-7.784,40.34],[-7.7874,40.346],[-7.8051,40.3493],[-7.8046,40.3577],[-7.7971,40.362],[-7.7996,40.3692],[-7.7959,40.3736],[-7.7988,40.3887],[-7.7972,40.405],[-7.8091,40.4058],[-7.8269,40.4032],[-7.834,40.4085],[-7.8451,40.4141],[-7.8455,40.424],[-7.8492,40.4275],[-7.8426,40.4333],[-7.8357,40.435],[-7.8274,40.4398],[-7.82,40.4414],[-7.8108,40.4394],[-7.7969,40.4574],[-7.8134,40.4694],[-7.818,40.4757],[-7.8273,40.4818],[-7.8283,40.4985],[-7.8394,40.4935],[-7.8468,40.4956],[-7.8518,40.4907],[-7.8642,40.4853],[-7.8667,40.4798],[-7.872,40.4792],[-7.8842,40.4731],[-7.8949,40.4618],[-7.8995,40.4616],[-7.9049,40.4528],[-7.9175,40.4466],[-7.9245,40.4353],[-7.9306,40.4291],[-7.9383,40.425],[-7.9471,40.4227],[-7.9538,40.424],[-7.9691,40.4116],[-7.973,40.4059],[-7.98,40.4027],[-7.985,40.403],[-7.9919,40.3978],[-8.0009,40.3956],[-8.0037,40.3916],[-8.0255,40.3871],[-8.0395,40.3866],[-8.051,40.3756],[-8.057,40.372],[-8.0659,40.3742],[-8.0699,40.3713],[-8.0747,40.3634],[-8.0803,40.3607],[-8.088,40.3611],[-8.1,40.3531],[-8.113,40.3414],[-8.1218,40.3388],[-8.1304,40.3433],[-8.1403,40.3383],[-8.152,40.3375],[-8.1721,40.3441],[-8.1785,40.3357],[-8.1862,40.3343],[-8.1891,40.342],[-8.1937,40.3431],[-8.2006,40.3389],[-8.2086,40.3414],[-8.2318,40.3315],[-8.2319,40.3247],[-8.237,40.3226],[-8.2426,40.3265],[-8.2525,40.3236],[-8.261,40.3292],[-8.2633,40.3337],[-8.2765,40.3357],[-8.2827,40.3449],[-8.2889,40.3472],[-8.2931,40.3543],[-8.31,40.3615],[-8.3254,40.3614],[-8.3252,40.3548],[-8.3344,40.359],[-8.3423,40.3695],[-8.3523,40.3701],[-8.3562,40.3672],[-8.3547,40.3619],[-8.3579,40.3474],[-8.3697,40.3448],[-8.3753,40.3413],[-8.3942,40.3476],[-8.404,40.3499],[-8.4013,40.3419],[-8.4091,40.3309],[-8.4096,40.3239],[-8.4294,40.3237],[-8.4486,40.3176],[-8.4494,40.309],[-8.4464,40.2985],[-8.4476,40.2893],[-8.4544,40.2792],[-8.46,40.279],[-8.4675,40.2828],[-8.4685,40.2888],[-8.4776,40.2884],[-8.4882,40.2922],[-8.4928,40.2904],[-8.5094,40.2893],[-8.5259,40.294],[-8.5255,40.2996],[-8.5299,40.3157],[-8.5138,40.3123],[-8.485,40.3153],[-8.4859,40.332],[-8.4904,40.3383],[-8.4918,40.3457],[-8.4833,40.3628],[-8.4873,40.3687],[-8.4822,40.3753],[-8.4842,40.3801],[-8.4813,40.3855],[-8.483,40.3888],[-8.4986,40.4001],[-8.5048,40.4001],[-8.5081,40.4075],[-8.5047,40.4191],[-8.507,40.421],[-8.5177,40.4205],[-8.5228,40.4164],[-8.5347,40.4116],[-8.5418,40.4065],[-8.5532,40.4049],[-8.5724,40.4003],[-8.5794,40.4124],[-8.5798,40.4208],[-8.5782,40.4428],[-8.5711,40.4506],[-8.5726,40.4584],[-8.5768,40.4686],[-8.5812,40.4719],[-8.5853,40.4796],[-8.6076,40.4818],[-8.6151,40.4854],[-8.6206,40.4821],[-8.6259,40.4718],[-8.6316,40.4658],[-8.6333,40.4562],[-8.6333,40.446],[-8.6312,40.4344],[-8.6346,40.4268],[-8.6479,40.4241],[-8.663,40.4286],[-8.6778,40.4349],[-8.7018,40.4592],[-8.714,40.4673],[-8.7207,40.4745],[-8.7297,40.4786],[-8.736,40.4862],[-8.7669,40.5101],[-8.784,40.5204],[-8.7894,40.5013],[-8.7991,40.4747],[-8.8208,40.4055],[-8.8281,40.3796],[-8.8361,40.3583],[-8.8431,40.335],[-8.8577,40.2979],[-8.8666,40.2787],[-8.8768,40.2523],[-8.8822,40.2425],[-8.9092,40.1865],[-8.9049,40.1779],[-8.8986,40.1765],[-8.8942,40.172],[-8.8751,40.1618],[-8.8719,40.1541],[-8.8716,40.1469],[-8.8676,40.1416],[-8.863,40.1401],[-8.8647,40.1228],[-8.8703,40.1057],[-8.8808,40.0801],[-8.888,40.0653],[-8.8949,40.0455]]]},"properties":{"name":"COIMBRA"}},
{"type":"Feature","geometry":{"type":"Polygon","coordinates":[[[-8.7963,37.4429],[-8.8042,37.4368],[-8.8086,37.4294],[-8.8072,37.4266],[-8.8085,37.4138],[-8.814,37.4067],[-8.8167,37.3979],[-8.8221,37.3908],[-8.8297,37.3771],[-8.834,37.3735],[-8.8414,37.3588],[-8.8495,37.3501],[-8.8509,37.3447],[-8.8637,37.3299],[-8.8718,37.322],[-8.8771,37.3193],[-8.8719,37.311],[-8.8757,37.3066],[-8.8733,37.2997],[-8.8759,37.2949],[-8.8669,37.295],[-8.8644,37.2905],[-8.8667,37.2848],[-8.8661,37.278],[-8.8602,37.2695],[-8.87,37.2464],[-8.8806,37.2306],[-8.8851,37.2209],[-8.896,37.2061],[-8.9032,37.1987],[-8.9111,37.1991],[-8.9179,37.1952],[-8.9094,37.1894],[-8.9127,37.1838],[-8.9088,37.1802],[-8.9108,37.1761],[-8.9031,37.1703],[-8.9034,37.1654],[-8.9094,37.1597],[-8.9172,37.145],[-8.9195,37.1374],[-8.925,37.1334],[-8.9266,37.1269],[-8.9393,37.1071],[-8.9485,37.0978],[-8.9586,37.0939],[-8.9608,37.0872],[-8.9608,37.0739],[-8.9649,37.0679],[-8.9786,37.0561],[-8.9805,37.0502],[-8.9792,37.0442],[-8.9871,37.032],[-8.9949,37.0241],[-8.9918,37.0204],[-8.9828,37.0263],[-8.9723,37.0246],[-8.9666,37.0266],[-8.9605,37.0222],[-8.9531,37.0108],[-8.9491,37.0083],[-8.9473,36.9993],[-8.9397,37.0054],[-8.9303,37.0029],[-8.9252,37.0081],[-8.9301,37.0128],[-8.9269,37.0189],[-8.9186,37.0225],[-8.9133,37.0219],[-8.9056,37.0248],[-8.8981,37.0337],[-8.8953,37.0419],[-8.8751,37.0441],[-8.8715,37.0465],[-8.8637,37.0422],[-8.8568,37.0487],[-8.855,37.0547],[-8.8395,37.0606],[-8.8258,37.0644],[-8.809,37.0661],[-8.7967,37.0656],[-8.7909,37.0624],[-8.7861,37.0638],[-8.7836,37.0683],[-8.7764,37.0708],[-8.755,37.0732],[-8.7458,37.0765],[-8.7379,37.0823],[-8.7281,37.0861],[-8.7208,37.0863],[-8.7115,37.084],[-8.6857,37.0853],[-8.6786,37.0839],[-8.6675,37.0793],[-8.6662,37.0841],[-8.6695,37.0902],[-8.6671,37.0956],[-8.6671,37.1043],[-8.659,37.111],[-8.6505,37.1154],[-8.6401,37.1187],[-8.6146,37.1228],[-8.6024,37.1231],[-8.5919,37.122],[-8.5815,37.1192],[-8.5749,37.1159],[-8.5666,37.1169],[-8.5593,37.1197],[-8.5436,37.1173],[-8.5354,37.1177],[-8.5295,37.1157],[-8.5297,37.1089],[-8.5199,37.11],[-8.5165,37.1061],[-8.5041,37.1006],[-8.4937,37.1012],[-8.4722,37.0961],[-8.4658,37.0924],[-8.4545,37.0908],[-8.4518,37.0887],[-8.4368,37.0853],[-8.4188,37.0863],[-8.414,37.0894],[-8.3965,37.0904],[-8.3909,37.0951],[-8.3711,37.1017],[-8.356,37.0998],[-8.332,37.09],[-8.309,37.0752],[-8.3027,37.073],[-8.2866,37.0727],[-8.2749,37.0776],[-8.2583,37.0803],[-8.2554,37.0858],[-8.2495,37.0868],[-8.2333,37.0827],[-8.2271,37.0858],[-8.2189,37.0842],[-8.2163,37.0869],[-8.2022,37.0891],[-8.1966,37.088],[-8.1847,37.0906],[-8.1082,37.0687],[-8.0956,37.0641],[-8.0791,37.056],[-8.0577,37.044],[-8.0369,37.0311],[-7.995,37.0071],[-7.9481,36.9773],[-7.9329,36.9707],[-7.9215,36.9692],[-7.9012,36.9634],[-7.8822,36.9619],[-7.8731,36.9642],[-7.8655,36.9731],[-7.8438,36.9834],[-7.8146,36.9961],[-7.7922,37.0148],[-7.7698,37.029],[-7.75,37.0396],[-7.7365,37.0459],[-7.7099,37.0629],[-7.6827,37.0751],[-7.649,37.0927],[-7.6216,37.1106],[-7.6158,37.1179],[-7.6015,37.128],[-7.5732,37.1412],[-7.5608,37.1449],[-7.5408,37.1525],[-7.5216,37.1617],[-7.5062,37.1676],[-7.4749,37.1746],[-7.464,37.1764],[-7.4462,37.177],[-7.4172,37.1735],[-7.4044,37.1708],[-7.4001,37.1632],[-7.3933,37.1662],[-7.4013,37.1743],[-7.4073,37.1827],[-7.4111,37.2032],[-7.4136,37.2106],[-7.4126,37.2215],[-7.4139,37.2266],[-7.4206,37.2392],[-7.4322,37.2465],[-7.4336,37.2542],[-7.4319,37.2594],[-7.423,37.27],[-7.422,37.2749],[-7.4313,37.2853],[-7.4358,37.2975],[-7.4411,37.3073],[-7.4418,37.316],[-7.4394,37.3232],[-7.44,37.3316],[-7.4448,37.3418],[-7.4447,37.3474],[-7.4387,37.3539],[-7.4363,37.3614],[-7.4366,37.3681],[-7.4405,37.391],[-7.4466,37.3989],[-7.4618,37.4074],[-7.4594,37.4141],[-7.4479,37.4155],[-7.4456,37.4199],[-7.4575,37.4293],[-7.4589,37.4417],[-7.4562,37.4502],[-7.4583,37.4549],[-7.4662,37.4623],[-7.4696,37.4717],[-7.468,37.4808],[-7.4633,37.4854],[-7.4667,37.491],[-7.4841,37.4983],[-7.4896,37.5062],[-7.4903,37.5184],[-7.4943,37.5233],[-7.5019,37.5221],[-7.509,37.5232],[-7.5125,37.5263],[-7.5163,37.5285],[-7.531,37.5235],[-7.5429,37.5232],[-7.5477,37.5258],[-7.552,37.5228],[-7.563,37.522],[-7.5635,37.5261],[-7.5744,37.5291],[-7.5791,37.5174],[-7.5839,37.5138],[-7.5879,37.5164],[-7.5966,37.5128],[-7.5939,37.5098],[-7.5962,37.5038],[-7.6002,37.5009],[-7.61,37.5023],[-7.6144,37.495],[-7.6202,37.4899],[-7.6309,37.4947],[-7.6346,37.4993],[-7.6415,37.5002],[-7.6461,37.4949],[-7.6595,37.5018],[-7.6617,37.5056],[-7.6689,37.5025],[-7.6751,37.5059],[-7.6785,37.5026],[-7.6979,37.5013],[-7.7084,37.4988],[-7.713,37.5018],[-7.7212,37.4931],[-7.7317,37.4969],[-7.7331,37.491],[-7.7424,37.4918],[-7.7472,37.4834],[-7.754,37.4799],[-7.7661,37.4874],[-7.7681,37.4807],[-7.7767,37.4767],[-7.7773,37.4732],[-7.7875,37.4685],[-7.7942,37.4712],[-7.8007,37.4626],[-7.8105,37.4568],[-7.821,37.4526],[-7.8259,37.4539],[-7.8323,37.4486],[-7.8423,37.4478],[-7.8524,37.4493],[-7.8572,37.4447],[-7.8554,37.4397],[-7.8613,37.4357],[-7.8668,37.4398],[-7.8726,37.4381],[-7.8763,37.4323],[-7.8929,37.4338],[-7.8968,37.4265],[-7.8882,37.417],[-7.8983,37.4183],[-7.9052,37.4062],[-7.9091,37.4102],[-7.9191,37.4077],[-7.926,37.4128],[-7.9301,37.4066],[-7.9388,37.4038],[-7.9415,37.4105],[-7.9553,37.4041],[-7.9569,37.409],[-7.9653,37.409],[-7.9718,37.4023],[-7.9789,37.4065],[-7.9868,37.3961],[-8.0003,37.3975],[-8.0001,37.393],[-8.0049,37.3863],[-8.001,37.3806],[-8.0009,37.3696],[-7.9983,37.3643],[-8.0012,37.3582],[-8.0077,37.3605],[-8.0156,37.3604],[-8.017,37.3543],[-8.0305,37.3523],[-8.0378,37.3425],[-8.0517,37.3288],[-8.0625,37.3236],[-8.0658,37.3189],[-8.0829,37.3288],[-8.0897,37.327],[-8.0959,37.3289],[-8.1026,37.3264],[-8.1077,37.3291],[-8.1133,37.3285],[-8.1228,37.3317],[-8.133,37.3324],[-8.1482,37.3318],[-8.1581,37.3336],[-8.1825,37.3428],[-8.1885,37.3416],[-8.1958,37.3456],[-8.2055,37.3539],[-8.2166,37.3596],[-8.2245,37.3663],[-8.2306,37.3675],[-8.2461,37.3779],[-8.2485,37.3846],[-8.2592,37.388],[-8.2672,37.3841],[-8.2746,37.3883],[-8.2758,37.4025],[-8.2646,37.408],[-8.2784,37.4138],[-8.2776,37.4246],[-8.2849,37.4309],[-8.2958,37.4311],[-8.2996,37.4334],[-8.3056,37.4314],[-8.3199,37.4369],[-8.3235,37.4269],[-8.3314,37.424],[-8.3319,37.4293],[-8.337,37.4326],[-8.3454,37.426],[-8.3501,37.4292],[-8.3642,37.4303],[-8.3722,37.4262],[-8.3869,37.4249],[-8.3952,37.4257],[-8.4071,37.4237],[-8.4081,37.4191],[-8.4163,37.42],[-8.4243,37.4108],[-8.4218,37.3937],[-8.4302,37.3834],[-8.4409,37.3864],[-8.4455,37.3826],[-8.4508,37.3831],[-8.4513,37.3766],[-8.4564,37.375],[-8.4942,37.386],[-8.5074,37.3856],[-8.5117,37.3797],[-8.5203,37.3816],[-8.5331,37.3892],[-8.5361,37.3894],[-8.5452,37.3969],[-8.5692,37.4109],[-8.5849,37.4035],[-8.5991,37.4028],[-8.6038,37.4009],[-8.6102,37.4029],[-8.6234,37.3994],[-8.6285,37.3893],[-8.6339,37.3866],[-8.6365,37.3779],[-8.6442,37.3761],[-8.6462,37.3833],[-8.6539,37.3882],[-8.6643,37.4008],[-8.6701,37.3984],[-8.6832,37.4007],[-8.6877,37.3955],[-8.706,37.4002],[-8.7139,37.3968],[-8.7159,37.3995],[-8.723,37.3976],[-8.7285,37.3985],[-8.7333,37.3952],[-8.7372,37.4039],[-8.7391,37.4145],[-8.7486,37.4159],[-8.7487,37.4228],[-8.7535,37.4303],[-8.7693,37.4366],[-8.7811,37.4339],[-8.7928,37.4364],[-8.7963,37.4429]]]},"properties":{"name":"FARO"}},
{"type":"Feature","geometry":{"type":"Polygon","coordinates":[[[-7.3046,41.1395],[-7.2978,41.1395],[-7.2829,41.1355],[-7.2687,41.1423],[-7.2495,41.145],[-7.2351,41.1408],[-7.226,41.1369],[-7.2112,41.1363],[-7.203,41.1337],[-7.1973,41.1281],[-7.1844,41.1262],[-7.1738,41.1273],[-7.1638,41.1261],[-7.1602,41.1303],[-7.1604,41.1389],[-7.1585,41.1434],[-7.148,41.1563],[-7.1324,41.1603],[-7.1284,41.1658],[-7.1249,41.1771],[-7.1185,41.1793],[-7.1128,41.1759],[-7.113,41.1638],[-7.1147,41.1508],[-7.1199,41.1465],[-7.1299,41.1425],[-7.13,41.1375],[-7.1228,41.1343],[-7.1079,41.1361],[-7.1009,41.1358],[-7.0879,41.1319],[-7.0842,41.1279],[-7.0856,41.1204],[-7.093,41.1118],[-7.1013,41.106],[-7.1056,41.0915],[-7.1013,41.0799],[-7.0792,41.0733],[-7.0582,41.063],[-7.0515,41.0577],[-7.0495,41.0477],[-7.0435,41.0443],[-7.0275,41.0383],[-7.0105,41.0408],[-7.0037,41.0365],[-6.9955,41.0348],[-6.9932,41.0256],[-6.9836,41.0263],[-6.9738,41.035],[-6.9681,41.0364],[-6.9611,41.0319],[-6.9399,41.0291],[-6.9314,41.0294],[-6.915,41.0384],[-6.9021,41.0337],[-6.878,41.0279],[-6.8685,41.0269],[-6.8471,41.0272],[-6.8338,41.0285],[-6.8181,41.0326],[-6.8089,41.0365],[-6.8081,41.0455],[-6.8016,41.0485],[-6.7899,41.0576],[-6.781,41.0673],[-6.7743,41.0771],[-6.7692,41.0885],[-6.7626,41.093],[-6.7542,41.1041],[-6.7601,41.1086],[-6.7613,41.1139],[-6.7708,41.124],[-6.7711,41.1301],[-6.7679,41.1348],[-6.7582,41.1399],[-6.7542,41.1397],[-6.7405,41.1492],[-6.7368,41.1558],[-6.7272,41.1637],[-6.7197,41.1658],[-6.7115,41.1708],[-6.7073,41.1779],[-6.7015,41.1803],[-6.6889,41.1998],[-6.6915,41.207],[-6.6854,41.2119],[-6.6801,41.2194],[-6.6714,41.2232],[-6.6605,41.2339],[-6.6529,41.2354],[-6.6484,41.2476],[-6.6409,41.2476],[-6.6287,41.2428],[-6.6204,41.2476],[-6.6072,41.2494],[-6.6014,41.2438],[-6.5962,41.2474],[-6.5952,41.2529],[-6.5867,41.2524],[-6.5863,41.2431],[-6.5805,41.2391],[-6.5713,41.239],[-6.5671,41.2426],[-6.5551,41.244],[-6.5508,41.2465],[-6.5471,41.258],[-6.5405,41.2609],[-6.5249,41.2711],[-6.5174,41.2745],[-6.5128,41.2653],[-6.4987,41.2652],[-6.4788,41.275],[-6.4817,41.2794],[-6.4913,41.2849],[-6.4896,41.2893],[-6.4767,41.2955],[-6.4688,41.3013],[-6.4585,41.2977],[-6.4493,41.2989],[-6.4376,41.3053],[-6.4384,41.315],[-6.4332,41.3208],[-6.4181,41.3262],[-6.426,41.3322],[-6.426,41.3349],[-6.4153,41.348],[-6.4067,41.3501],[-6.3921,41.3499],[-6.3797,41.3563],[-6.3762,41.3616],[-6.3853,41.3631],[-6.3935,41.3699],[-6.3932,41.3776],[-6.3905,41.3841],[-6.3761,41.3874],[-6.3666,41.3934],[-6.365,41.3868],[-6.3599,41.3815],[-6.3525,41.3783],[-6.3414,41.38],[-6.3258,41.3868],[-6.3185,41.3856],[-6.3154,41.3901],[-6.3201,41.4009],[-6.3333,41.4066],[-6.3333,41.4103],[-6.3269,41.4164],[-6.319,41.4155],[-6.31,41.4194],[-6.2949,41.4352],[-6.297,41.4398],[-6.3049,41.4464],[-6.3053,41.4497],[-6.2952,41.4607],[-6.287,41.4654],[-6.2847,41.4699],[-6.284,41.479],[-6.27,41.4865],[-6.2617,41.4874],[-6.268,41.4943],[-6.2643,41.4988],[-6.2546,41.4974],[-6.2511,41.5017],[-6.258,41.5119],[-6.2569,41.5147],[-6.2466,41.5156],[-6.2369,41.5214],[-6.2266,41.5347],[-6.2173,41.5431],[-6.2171,41.5511],[-6.2117,41.5591],[-6.1987,41.5691],[-6.1892,41.5748],[-6.196,41.5846],[-6.197,41.5895],[-6.2087,41.5991],[-6.2148,41.5995],[-6.2301,41.6037],[-6.2358,41.6071],[-6.245,41.6208],[-6.2545,41.633],[-6.2643,41.6403],[-6.2767,41.647],[-6.2891,41.6558],[-6.3023,41.6618],[-6.3163,41.6651],[-6.3429,41.6736],[-6.3547,41.6764],[-6.3745,41.6737],[-6.395,41.677],[-6.406,41.6809],[-6.4113,41.6786],[-6.4256,41.6795],[-6.4406,41.6844],[-6.4479,41.6841],[-6.4524,41.6809],[-6.4525,41.6755],[-6.4574,41.6666],[-6.4694,41.6662],[-6.4887,41.6575],[-6.4984,41.657],[-6.5126,41.6612],[-6.5195,41.6693],[-6.5277,41.6753],[-6.5343,41.6766],[-6.5483,41.6856],[-6.5535,41.6931],[-6.5537,41.7017],[-6.5425,41.7012],[-6.5487,41.7143],[-6.5539,41.7175],[-6.5577,41.7345],[-6.5617,41.7418],[-6.5689,41.7436],[-6.5645,41.7517],[-6.558,41.7536],[-6.5548,41.7582],[-6.5558,41.7643],[-6.5498,41.7767],[-6.5439,41.7837],[-6.5425,41.8044],[-6.537,41.808],[-6.5387,41.8127],[-6.5323,41.8199],[-6.5294,41.8316],[-6.5324,41.8346],[-6.5261,41.843],[-6.5284,41.8474],[-6.5224,41.8541],[-6.5257,41.8592],[-6.5159,41.87],[-6.5176,41.8751],[-6.5378,41.8767],[-6.5551,41.8795],[-6.5712,41.8835],[-6.5659,41.894],[-6.5613,41.8959],[-6.5569,41.9074],[-6.5577,41.9104],[-6.5488,41.9234],[-6.546,41.9308],[-6.5465,41.9395],[-6.5494,41.9445],[-6.5749,41.9608],[-6.5883,41.9676],[-6.5892,41.9629],[-6.5995,41.9483],[-6.6074,41.949],[-6.6154,41.9448],[-6.6173,41.9411],[-6.6255,41.9398],[-6.6358,41.9421],[-6.7,41.9333],[-6.7145,41.9376],[-6.7266,41.9371],[-6.7506,41.9436],[-6.7589,41.9607],[-6.7674,41.9747],[-6.7687,41.9841],[-6.7855,41.9887],[-6.7979,41.9886],[-6.8113,41.9925],[-6.81,41.9695],[-6.8216,41.946],[-6.8489,41.9424],[-6.8602,41.9467],[-6.8695,41.9485],[-6.8743,41.944],[-6.8851,41.9403],[-6.9036,41.9414],[-6.9115,41.9441],[-6.9259,41.9439],[-6.935,41.9463],[-6.9443,41.9447],[-6.9503,41.9538],[-6.9578,41.9689],[-6.9794,41.9738],[-6.9988,41.9628],[-7.0062,41.9506],[-7.0257,41.9502],[-7.0364,41.9511],[-7.0424,41.955],[-7.0537,41.9491],[-7.0654,41.9489],[-7.077,41.9519],[-7.0846,41.9641],[-7.0875,41.9735],[-7.0995,41.9787],[-7.1111,41.9821],[-7.119,41.9866],[-7.1331,41.988],[-7.1415,41.9908],[-7.1519,41.9866],[-7.1543,41.9802],[-7.159,41.9765],[-7.1644,41.9794],[-7.1798,41.9793],[-7.1867,41.9694],[-7.1822,41.9518],[-7.1875,41.9475],[-7.1839,41.933],[-7.1736,41.9189],[-7.1823,41.9122],[-7.1816,41.9084],[-7.1852,41.8964],[-7.1967,41.88],[-7.2005,41.8795],[-7.2029,41.873],[-7.1949,41.8663],[-7.2017,41.858],[-7.2018,41.8497],[-7.2069,41.8459],[-7.2065,41.8372],[-7.2136,41.8272],[-7.2084,41.8261],[-7.2045,41.8176],[-7.2092,41.8169],[-7.2088,41.8092],[-7.2046,41.8085],[-7.1984,41.8025],[-7.1931,41.792],[-7.1943,41.7835],[-7.1816,41.7787],[-7.1789,41.7729],[-7.1712,41.7699],[-7.1736,41.7603],[-7.1776,41.7583],[-7.1739,41.7531],[-7.172,41.7448],[-7.1759,41.7373],[-7.1884,41.7353],[-7.1951,41.7282],[-7.1962,41.7198],[-7.2061,41.716],[-7.2089,41.7118],[-7.2133,41.6927],[-7.2138,41.6812],[-7.2206,41.6741],[-7.2293,41.6578],[-7.2429,41.6422],[-7.2482,41.6297],[-7.2454,41.6269],[-7.2453,41.6172],[-7.2522,41.6125],[-7.2584,41.5903],[-7.2533,41.5808],[-7.2588,41.5734],[-7.2584,41.5632],[-7.2499,41.5546],[-7.2494,41.5476],[-7.2393,41.5411],[-7.2402,41.5358],[-7.2319,41.5307],[-7.2325,41.5253],[-7.2291,41.5228],[-7.2381,41.5189],[-7.2421,41.5193],[-7.262,41.5166],[-7.284,41.5156],[-7.2914,41.5082],[-7.2881,41.5056],[-7.2974,41.4992],[-7.3002,41.4912],[-7.3046,41.4686],[-7.2995,41.4637],[-7.3077,41.4613],[-7.3235,41.461],[-7.3304,41.4592],[-7.3331,41.451],[-7.3446,41.4527],[-7.3554,41.4482],[-7.3653,41.4404],[-7.361,41.4319],[-7.3596,41.4244],[-7.3669,41.4152],[-7.3663,41.3969],[-7.362,41.3954],[-7.3595,41.3863],[-7.3614,41.382],[-7.3536,41.3756],[-7.355,41.3719],[-7.3623,41.3668],[-7.3534,41.3556],[-7.3481,41.3516],[-7.3354,41.3472],[-7.3142,41.3414],[-7.3164,41.3385],[-7.3336,41.3364],[-7.347,41.3308],[-7.3573,41.3307],[-7.3647,41.3217],[-7.3755,41.3144],[-7.3726,41.3107],[-7.3622,41.3043],[-7.3704,41.3],[-7.3732,41.293],[-7.3914,41.2858],[-7.3934,41.279],[-7.387,41.2737],[-7.3893,41.265],[-7.3947,41.2626],[-7.3921,41.2555],[-7.395,41.251],[-7.3889,41.2486],[-7.3898,41.2425],[-7.4064,41.2445],[-7.4151,41.2477],[-7.4226,41.2404],[-7.4231,41.2334],[-7.4199,41.2271],[-7.4215,41.2203],[-7.4319,41.2108],[-7.4086,41.2013],[-7.396,41.1979],[-7.3886,41.1929],[-7.3861,41.1836],[-7.3825,41.178],[-7.3746,41.1725],[-7.3726,41.1686],[-7.375,41.1592],[-7.3612,41.1566],[-7.3578,41.1482],[-7.3409,41.1439],[-7.3266,41.1466],[-7.3225,41.1438],[-7.3112,41.1469],[-7.3074,41.1459],[-7.3046,41.1395]]]},"properties":{"name":"BRAGANÇA"}},
{"type":"Feature","geometry":{"type":"Polygon","coordinates":[[[-7.9119,41.1199],[-7.9054,41.1187],[-7.8974,41.1241],[-7.8967,41.1326],[-7.8871,41.1345],[-7.8857,41.141],[-7.8795,41.153],[-7.8764,41.1562],[-7.8602,41.1585],[-7.8521,41.1557],[-7.8413,41.1548],[-7.8247,41.1504],[-7.8139,41.1457],[-7.8077,41.151],[-7.8052,41.1586],[-7.7999,41.1615],[-7.7928,41.1609],[-7.7767,41.1521],[-7.7641,41.1524],[-7.7355,41.1453],[-7.7164,41.1449],[-7.6963,41.1419],[-7.6914,41.1444],[-7.6847,41.1523],[-7.6647,41.1627],[-7.6578,41.1629],[-7.6412,41.1589],[-7.6271,41.1589],[-7.6211,41.1606],[-7.6103,41.1602],[-7.5958,41.1565],[-7.5901,41.1563],[-7.5747,41.1607],[-7.5723,41.1643],[-7.5565,41.1731],[-7.5494,41.1872],[-7.5431,41.1883],[-7.528,41.1805],[-7.5223,41.18],[-7.5143,41.1914],[-7.5082,41.1972],[-7.4977,41.2],[-7.4824,41.1984],[-7.4705,41.1992],[-7.4642,41.2018],[-7.4592,41.2094],[-7.4512,41.2144],[-7.4423,41.214],[-7.4319,41.2108],[-7.4215,41.2203],[-7.4199,41.2271],[-7.4231,41.2334],[-7.4226,41.2404],[-7.4151,41.2477],[-7.4064,41.2445],[-7.3898,41.2425],[-7.3889,41.2486],[-7.395,41.251],[-7.3921,41.2555],[-7.3947,41.2626],[-7.3893,41.265],[-7.387,41.2737],[-7.3934,41.279],[-7.3914,41.2858],[-7.3732,41.293],[-7.3704,41.3],[-7.3622,41.3043],[-7.3726,41.3107],[-7.3755,41.3144],[-7.3647,41.3217],[-7.3573,41.3307],[-7.347,41.3308],[-7.3336,41.3364],[-7.3164,41.3385],[-7.3142,41.3414],[-7.3354,41.3472],[-7.3481,41.3516],[-7.3534,41.3556],[-7.3623,41.3668],[-7.355,41.3719],[-7.3536,41.3756],[-7.3614,41.382],[-7.3595,41.3863],[-7.362,41.3954],[-7.3663,41.3969],[-7.3669,41.4152],[-7.3596,41.4244],[-7.361,41.4319],[-7.3653,41.4404],[-7.3554,41.4482],[-7.3446,41.4527],[-7.3331,41.451],[-7.3304,41.4592],[-7.3235,41.461],[-7.3077,41.4613],[-7.2995,41.4637],[-7.3046,41.4686],[-7.3002,41.4912],[-7.2974,41.4992],[-7.2881,41.5056],[-7.2914,41.5082],[-7.284,41.5156],[-7.262,41.5166],[-7.2421,41.5193],[-7.2381,41.5189],[-7.2291,41.5228],[-7.2325,41.5253],[-7.2319,41.5307],[-7.2402,41.5358],[-7.2393,41.5411],[-7.2494,41.5476],[-7.2499,41.5546],[-7.2584,41.5632],[-7.2588,41.5734],[-7.2533,41.5808],[-7.2584,41.5903],[-7.2522,41.6125],[-7.2453,41.6172],[-7.2454,41.6269],[-7.2482,41.6297],[-7.2429,41.6422],[-7.2293,41.6578],[-7.2206,41.6741],[-7.2138,41.6812],[-7.2133,41.6927],[-7.2089,41.7118],[-7.2061,41.716],[-7.1962,41.7198],[-7.1951,41.7282],[-7.1884,41.7353],[-7.1759,41.7373],[-7.172,41.7448],[-7.1739,41.7531],[-7.1776,41.7583],[-7.1736,41.7603],[-7.1712,41.7699],[-7.1789,41.7729],[-7.1816,41.7787],[-7.1943,41.7835],[-7.1931,41.792],[-7.1984,41.8025],[-7.2046,41.8085],[-7.2088,41.8092],[-7.2092,41.8169],[-7.2045,41.8176],[-7.2084,41.8261],[-7.2136,41.8272],[-7.2065,41.8372],[-7.2069,41.8459],[-7.2018,41.8497],[-7.2017,41.858],[-7.1949,41.8663],[-7.2029,41.873],[-7.2005,41.8795],[-7.2137,41.8776],[-7.2196,41.8728],[-7.2331,41.8673],[-7.2445,41.8688],[-7.2578,41.8659],[-7.2695,41.8609],[-7.2838,41.8522],[-7.301,41.8516],[-7.3052,41.8473],[-7.3153,41.8425],[-7.3216,41.8441],[-7.3412,41.8443],[-7.3564,41.8405],[-7.3639,41.8528],[-7.3755,41.8468],[-7.39,41.8423],[-7.3916,41.835],[-7.3976,41.8264],[-7.4088,41.8167],[-7.428,41.8082],[-7.4296,41.8117],[-7.425,41.8175],[-7.4306,41.8214],[-7.4257,41.8281],[-7.4284,41.8328],[-7.4438,41.8394],[-7.4476,41.8449],[-7.4488,41.8528],[-7.4456,41.8578],[-7.4525,41.8651],[-7.4596,41.8637],[-7.4742,41.8638],[-7.4853,41.8613],[-7.4913,41.8712],[-7.5022,41.8694],[-7.5114,41.8653],[-7.5133,41.8621],[-7.5056,41.8508],[-7.5207,41.8422],[-7.5345,41.8384],[-7.5663,41.8329],[-7.5739,41.8297],[-7.5988,41.8331],[-7.6113,41.8292],[-7.6143,41.8368],[-7.6115,41.8467],[-7.6001,41.8604],[-7.5984,41.8693],[-7.5929,41.8699],[-7.5833,41.8787],[-7.592,41.8806],[-7.6076,41.8795],[-7.6184,41.8851],[-7.6254,41.8799],[-7.6326,41.8794],[-7.6539,41.8812],[-7.6669,41.8892],[-7.6688,41.8934],[-7.6781,41.8932],[-7.6878,41.9022],[-7.6973,41.9072],[-7.7041,41.9073],[-7.7221,41.9004],[-7.7334,41.8923],[-7.745,41.8931],[-7.7532,41.8982],[-7.7635,41.899],[-7.7784,41.8869],[-7.7921,41.883],[-7.8024,41.882],[-7.8452,41.8813],[-7.8419,41.866],[-7.8499,41.8616],[-7.8663,41.8589],[-7.8729,41.8466],[-7.8816,41.8561],[-7.887,41.8557],[-7.8922,41.8602],[-7.8882,41.8661],[-7.8848,41.8809],[-7.8844,41.8891],[-7.8874,41.9073],[-7.8837,41.9184],[-7.888,41.9268],[-7.9063,41.9271],[-7.9097,41.9225],[-7.9101,41.9073],[-7.9213,41.8818],[-7.9213,41.8778],[-7.9285,41.8778],[-7.9488,41.871],[-7.9604,41.8756],[-7.9746,41.8753],[-7.9887,41.8675],[-7.9903,41.8604],[-7.9944,41.8542],[-8.006,41.8471],[-8.0087,41.8384],[-8.0126,41.8335],[-8.0301,41.8296],[-8.0391,41.8298],[-8.0413,41.8252],[-8.0512,41.8195],[-8.0451,41.8104],[-8.0451,41.8039],[-8.0487,41.7997],[-8.0573,41.7981],[-8.0609,41.7872],[-8.0642,41.7861],[-8.0606,41.7773],[-8.0636,41.7737],[-8.0611,41.7626],[-8.0765,41.7498],[-8.0822,41.7313],[-8.0817,41.7251],[-8.0878,41.7132],[-8.0943,41.7074],[-8.109,41.7019],[-8.1185,41.6923],[-8.1124,41.6878],[-8.0863,41.6924],[-8.0809,41.6952],[-8.0738,41.6955],[-8.0653,41.6918],[-8.048,41.6928],[-8.0389,41.7006],[-8.0247,41.698],[-8.0177,41.6891],[-8.0096,41.6906],[-7.9941,41.6865],[-7.9844,41.6815],[-7.9817,41.6777],[-7.9888,41.6665],[-7.9947,41.6636],[-7.9989,41.6533],[-7.994,41.6506],[-7.9977,41.6424],[-8.0012,41.6409],[-8.003,41.6209],[-7.9996,41.6081],[-7.9966,41.6031],[-7.987,41.6008],[-7.9665,41.6039],[-7.9625,41.6021],[-7.9527,41.5931],[-7.9467,41.5961],[-7.9411,41.5946],[-7.9321,41.5953],[-7.9232,41.5912],[-7.9056,41.587],[-7.9003,41.5873],[-7.8908,41.5933],[-7.8837,41.5881],[-7.8794,41.5882],[-7.8659,41.5955],[-7.8632,41.5995],[-7.8573,41.6014],[-7.8509,41.6151],[-7.8394,41.6109],[-7.8295,41.6022],[-7.82,41.5878],[-7.8151,41.5854],[-7.8162,41.5813],[-7.8107,41.5733],[-7.8138,41.5653],[-7.8183,41.5639],[-7.822,41.5559],[-7.8326,41.5569],[-7.8393,41.5533],[-7.8359,41.5473],[-7.8418,41.5417],[-7.8378,41.5393],[-7.8445,41.5336],[-7.8506,41.5325],[-7.8529,41.5272],[-7.864,41.5244],[-7.8614,41.5118],[-7.8717,41.5096],[-7.8886,41.509],[-7.8963,41.5107],[-7.8978,41.5049],[-7.8945,41.4999],[-7.9026,41.4893],[-7.9101,41.4885],[-7.9148,41.4918],[-7.9257,41.4888],[-7.9382,41.4774],[-7.937,41.4713],[-7.9387,41.4606],[-7.9438,41.4526],[-7.9374,41.4459],[-7.9417,41.43],[-7.9667,41.4121],[-7.963,41.4039],[-7.9666,41.4001],[-7.9811,41.3944],[-7.977,41.3903],[-7.972,41.3927],[-7.9673,41.3893],[-7.9696,41.381],[-7.9742,41.3752],[-7.9699,41.3723],[-7.9726,41.3603],[-7.9594,41.3584],[-7.9479,41.3535],[-7.9496,41.3464],[-7.9567,41.3429],[-7.9653,41.3322],[-7.9582,41.3244],[-7.9398,41.3222],[-7.9293,41.318],[-7.9138,41.3055],[-7.9076,41.3027],[-7.9154,41.2976],[-7.9214,41.2903],[-7.9186,41.284],[-7.9141,41.2805],[-7.9151,41.2743],[-7.9026,41.2714],[-7.8964,41.2675],[-7.8942,41.2607],[-7.8958,41.2555],[-7.8942,41.2487],[-7.8836,41.2478],[-7.8756,41.242],[-7.8794,41.2371],[-7.8883,41.2178],[-7.8941,41.2092],[-7.8903,41.2024],[-7.888,41.1891],[-7.8903,41.1828],[-7.8989,41.1729],[-7.8971,41.1671],[-7.8896,41.1629],[-7.9037,41.1547],[-7.9012,41.1473],[-7.9089,41.1426],[-7.9136,41.135],[-7.9119,41.1199]]]},"properties":{"name":"VILA REAL"}},
{"type":"Feature","geometry":{"type":"Polygon","coordinates":[[[-8.793,37.8196],[-8.7855,37.8179],[-8.7827,37.8072],[-8.7762,37.8049],[-8.7706,37.8108],[-8.7614,37.8121],[-8.7606,37.8156],[-8.7493,37.8123],[-8.7366,37.8149],[-8.7316,37.8075],[-8.7265,37.8086],[-8.7188,37.7944],[-8.7092,37.7873],[-8.7073,37.7789],[-8.6951,37.7758],[-8.6957,37.7712],[-8.6901,37.7586],[-8.6835,37.7532],[-8.672,37.7583],[-8.6723,37.7632],[-8.6679,37.7667],[-8.6605,37.7683],[-8.6493,37.7608],[-8.6447,37.7628],[-8.633,37.7531],[-8.6247,37.7547],[-8.6233,37.75],[-8.6173,37.7495],[-8.6084,37.7594],[-8.5877,37.7569],[-8.59,37.7783],[-8.5841,37.7842],[-8.582,37.7896],[-8.5838,37.7994],[-8.5691,37.817],[-8.5644,37.8192],[-8.5481,37.8183],[-8.552,37.8288],[-8.5532,37.8386],[-8.5513,37.8474],[-8.5327,37.8549],[-8.4793,37.855],[-8.4703,37.8578],[-8.4621,37.8656],[-8.4405,37.86],[-8.4399,37.8671],[-8.4347,37.8709],[-8.4243,37.867],[-8.3858,37.8603],[-8.3803,37.8621],[-8.3678,37.861],[-8.3665,37.8576],[-8.3593,37.8579],[-8.3578,37.8542],[-8.3308,37.847],[-8.333,37.8574],[-8.3362,37.8646],[-8.3317,37.8691],[-8.3111,37.8818],[-8.3126,37.8917],[-8.2994,37.8992],[-8.3083,37.9069],[-8.3093,37.9117],[-8.3001,37.9241],[-8.3071,37.93],[-8.2959,37.951],[-8.2945,37.9644],[-8.2952,37.9796],[-8.2936,37.9842],[-8.2954,37.9932],[-8.3057,37.9991],[-8.309,38.0076],[-8.3144,38.0164],[-8.3278,38.0239],[-8.3475,38.0172],[-8.3531,38.0274],[-8.3638,38.022],[-8.3632,38.0277],[-8.3744,38.0317],[-8.3713,38.0406],[-8.3763,38.0443],[-8.3825,38.0447],[-8.3882,38.0513],[-8.3948,38.0529],[-8.4062,38.0641],[-8.4097,38.0724],[-8.4007,38.0791],[-8.3996,38.0858],[-8.3943,38.0985],[-8.3943,38.1075],[-8.3866,38.1162],[-8.3783,38.1116],[-8.3701,38.1033],[-8.364,38.1036],[-8.3597,38.1082],[-8.3601,38.1128],[-8.3545,38.119],[-8.3533,38.1287],[-8.3561,38.1374],[-8.3522,38.1414],[-8.3384,38.141],[-8.3364,38.1517],[-8.3336,38.1552],[-8.3245,38.1489],[-8.3139,38.1437],[-8.3146,38.1406],[-8.308,38.1373],[-8.2911,38.1387],[-8.2915,38.155],[-8.2871,38.162],[-8.2899,38.1704],[-8.2853,38.1805],[-8.2843,38.1866],[-8.2748,38.1861],[-8.2663,38.1801],[-8.2533,38.1822],[-8.2489,38.1795],[-8.2397,38.1795],[-8.2353,38.1833],[-8.2297,38.197],[-8.2186,38.2031],[-8.2031,38.2007],[-8.1918,38.2038],[-8.1829,38.2078],[-8.1809,38.2112],[-8.1654,38.2176],[-8.1605,38.2166],[-8.142,38.2196],[-8.1299,38.224],[-8.1313,38.2312],[-8.1299,38.2442],[-8.131,38.2558],[-8.1297,38.2663],[-8.1366,38.2744],[-8.1356,38.2781],[-8.1388,38.2844],[-8.1431,38.2978],[-8.1614,38.3179],[-8.1644,38.3198],[-8.1702,38.3194],[-8.1977,38.3426],[-8.2056,38.3447],[-8.2375,38.3463],[-8.2472,38.3484],[-8.2584,38.3533],[-8.2692,38.3536],[-8.2696,38.3585],[-8.2773,38.3715],[-8.3006,38.3755],[-8.3226,38.3722],[-8.3132,38.3851],[-8.3055,38.3917],[-8.3013,38.3997],[-8.2927,38.4073],[-8.2837,38.4121],[-8.2876,38.4173],[-8.3014,38.423],[-8.292,38.4259],[-8.2862,38.4297],[-8.292,38.4389],[-8.3085,38.4371],[-8.3169,38.4392],[-8.3231,38.4368],[-8.3255,38.4433],[-8.3222,38.4468],[-8.3241,38.4523],[-8.3103,38.4585],[-8.3158,38.4668],[-8.3232,38.4837],[-8.3288,38.4882],[-8.336,38.507],[-8.3483,38.5187],[-8.3581,38.5244],[-8.3691,38.5457],[-8.3791,38.5452],[-8.3997,38.5375],[-8.4104,38.5251],[-8.4231,38.521],[-8.4422,38.5222],[-8.4464,38.5261],[-8.4601,38.5227],[-8.4673,38.5173],[-8.4759,38.5168],[-8.4801,38.5332],[-8.4912,38.5289],[-8.495,38.5472],[-8.4976,38.5488],[-8.5202,38.5429],[-8.5129,38.5355],[-8.507,38.5265],[-8.5069,38.5193],[-8.5203,38.5124],[-8.5287,38.5112],[-8.5324,38.5281],[-8.5725,38.5316],[-8.5752,38.5479],[-8.5801,38.5445],[-8.5899,38.5421],[-8.6028,38.5488],[-8.6158,38.5531],[-8.6305,38.5498],[-8.6391,38.5495],[-8.6409,38.5675],[-8.6482,38.5773],[-8.6516,38.5935],[-8.658,38.6018],[-8.6565,38.6078],[-8.6367,38.6204],[-8.6322,38.6281],[-8.6198,38.6353],[-8.6125,38.6446],[-8.6015,38.6459],[-8.5907,38.6541],[-8.5837,38.6626],[-8.5774,38.6676],[-8.579,38.6716],[-8.5662,38.6782],[-8.5583,38.6778],[-8.5523,38.6822],[-8.5407,38.6857],[-8.5401,38.6888],[-8.5312,38.6919],[-8.5199,38.709],[-8.501,38.7155],[-8.5009,38.7222],[-8.5114,38.7326],[-8.5056,38.7459],[-8.4917,38.7546],[-8.491,38.7613],[-8.5145,38.7649],[-8.5246,38.7618],[-8.5468,38.7634],[-8.5574,38.7693],[-8.5779,38.7719],[-8.5845,38.7667],[-8.5965,38.7716],[-8.6008,38.7765],[-8.6072,38.7774],[-8.6125,38.786],[-8.6054,38.7918],[-8.604,38.8013],[-8.6067,38.8083],[-8.6038,38.8228],[-8.606,38.8264],[-8.5993,38.8314],[-8.5956,38.8386],[-8.5983,38.8404],[-8.6122,38.8389],[-8.6152,38.8351],[-8.6293,38.8307],[-8.6307,38.8221],[-8.6387,38.8133],[-8.6393,38.8093],[-8.6475,38.8095],[-8.6577,38.8129],[-8.6707,38.8225],[-8.6752,38.8224],[-8.6865,38.8269],[-8.6969,38.8404],[-8.704,38.84],[-8.7094,38.8259],[-8.7213,38.8109],[-8.7339,38.7934],[-8.7439,38.7775],[-8.7486,38.753],[-8.7536,38.7428],[-8.7791,38.7339],[-8.7916,38.7341],[-8.8019,38.7416],[-8.8103,38.7401],[-8.8144,38.7458],[-8.8335,38.7611],[-8.8389,38.7618],[-8.8508,38.7585],[-8.8559,38.7541],[-8.8683,38.748],[-8.8752,38.7471],[-8.8924,38.7413],[-8.8973,38.7454],[-8.904,38.7469],[-8.9083,38.7418],[-8.9241,38.7509],[-8.9242,38.7579],[-8.9307,38.7673],[-8.9355,38.7851],[-8.9418,38.8004],[-8.9536,38.8154],[-8.967,38.8261],[-8.9824,38.8025],[-8.9819,38.7936],[-8.9692,38.7963],[-8.9672,38.8],[-8.96,38.797],[-8.9645,38.7899],[-8.9578,38.7891],[-8.961,38.7836],[-8.9718,38.7847],[-8.9808,38.7828],[-8.9884,38.7851],[-8.9979,38.7812],[-9.0027,38.7775],[-9.0104,38.7649],[-9.0025,38.7601],[-8.9956,38.7613],[-8.9892,38.7599],[-8.9786,38.7608],[-8.9724,38.7569],[-8.9867,38.751],[-8.9984,38.7518],[-9.0097,38.7566],[-9.0182,38.7563],[-9.031,38.7408],[-9.0241,38.7257],[-9.0365,38.7216],[-9.0437,38.7171],[-9.0463,38.7131],[-9.0498,38.6916],[-9.0448,38.6839],[-9.0616,38.682],[-9.0592,38.6756],[-9.0738,38.6703],[-9.0748,38.666],[-9.0893,38.6621],[-9.0938,38.6591],[-9.0997,38.6483],[-9.1041,38.6505],[-9.1147,38.6516],[-9.1263,38.6544],[-9.1384,38.6595],[-9.1411,38.6655],[-9.1457,38.6655],[-9.151,38.672],[-9.1427,38.6793],[-9.1476,38.6882],[-9.1644,38.6826],[-9.1801,38.6791],[-9.1979,38.6779],[-9.2277,38.6751],[-9.2348,38.6735],[-9.2406,38.6748],[-9.2447,38.6682],[-9.259,38.6631],[-9.2475,38.6526],[-9.241,38.6437],[-9.2322,38.6344],[-9.2193,38.6173],[-9.2105,38.6029],[-9.2029,38.5833],[-9.1907,38.5603],[-9.1855,38.5411],[-9.1825,38.5215],[-9.1839,38.4919],[-9.1887,38.4743],[-9.194,38.4621],[-9.2022,38.45],[-9.2057,38.449],[-9.2108,38.4403],[-9.2098,38.4372],[-9.2176,38.428],[-9.2201,38.4126],[-9.212,38.4124],[-9.2003,38.4093],[-9.1908,38.4122],[-9.188,38.4177],[-9.1811,38.4207],[-9.1689,38.4297],[-9.1456,38.4309],[-9.1378,38.4289],[-9.1308,38.4327],[-9.1244,38.4324],[-9.1136,38.4346],[-9.1075,38.4425],[-9.1013,38.4425],[-9.0899,38.4398],[-9.0823,38.4364],[-9.0639,38.4351],[-9.0614,38.4407],[-9.0534,38.4402],[-9.0446,38.4439],[-9.0419,38.4471],[-9.035,38.4482],[-9.0278,38.447],[-9.0177,38.4541],[-9.0068,38.4559],[-8.9906,38.4651],[-8.9817,38.4787],[-8.9694,38.4805],[-8.9671,38.4841],[-8.9537,38.4849],[-8.9426,38.4841],[-8.9341,38.4883],[-8.9275,38.5038],[-8.9182,38.5108],[-8.9129,38.5025],[-8.9106,38.4873],[-8.9028,38.4816],[-8.8999,38.4774],[-8.8884,38.4704],[-8.8783,38.4616],[-8.8676,38.4556],[-8.8533,38.4434],[-8.846,38.4388],[-8.8345,38.4293],[-8.8257,38.4194],[-8.8119,38.397],[-8.8047,38.3828],[-8.7917,38.3506],[-8.7876,38.3376],[-8.7838,38.3218],[-8.7804,38.3017],[-8.7765,38.2622],[-8.7757,38.243],[-8.7759,38.2211],[-8.7806,38.182],[-8.7833,38.1695],[-8.7933,38.1323],[-8.7992,38.1139],[-8.8195,38.062],[-8.8409,38.0185],[-8.8557,37.9922],[-8.8632,37.9809],[-8.8737,37.9681],[-8.8782,37.9683],[-8.8844,37.963],[-8.8876,37.9571],[-8.8839,37.95],[-8.8728,37.9515],[-8.8641,37.9497],[-8.8564,37.9442],[-8.8536,37.936],[-8.8467,37.9338],[-8.8392,37.9379],[-8.8308,37.9369],[-8.8154,37.9313],[-8.8066,37.923],[-8.8003,37.9081],[-8.7979,37.8956],[-8.7963,37.879],[-8.7928,37.868],[-8.7934,37.8595],[-8.7961,37.8499],[-8.7899,37.8376],[-8.7926,37.8335],[-8.793,37.8196]]]},"properties":{"name":"SETÚBAL"}},
{"type":"Feature","geometry":{"type":"MultiPolygon","coordinates":[[[[-15.8734,30.1467],[-15.8743,30.1422],[-15.8639,30.1378],[-15.8563,30.1379],[-15.8601,30.146],[-15.8564,30.1488],[-15.8618,30.155],[-15.8702,30.1537],[-15.8734,30.1467]]],[[[-16.4936,32.4815],[-16.4893,32.4894],[-16.4922,32.495],[-16.4935,32.5032],[-16.4982,32.5105],[-16.4999,32.5199],[-16.5068,32.527],[-16.5094,32.5337],[-16.5159,32.5404],[-16.521,32.5498],[-16.5213,32.5537],[-16.5314,32.5621],[-16.5338,32.5686],[-16.539,32.571],[-16.5405,32.5648],[-16.5361,32.557],[-16.537,32.5503],[-16.5333,32.5377],[-16.5278,32.5364],[-16.5169,32.5283],[-16.5113,32.5165],[-16.504,32.5067],[-16.5029,32.4968],[-16.4964,32.4894],[-16.4936,32.4815]]],[[[-16.3887,33.0457],[-16.3885,33.0423],[-16.3964,33.0411],[-16.3913,33.0311],[-16.3843,33.0298],[-16.3811,33.0246],[-16.3774,33.0242],[-16.3568,33.0379],[-16.3397,33.0537],[-16.3238,33.0618],[-16.3129,33.063],[-16.3024,33.0619],[-16.2946,33.063],[-16.2981,33.0685],[-16.2921,33.0792],[-16.299,33.0871],[-16.2936,33.0935],[-16.2938,33.098],[-16.3012,33.0964],[-16.3094,33.0973],[-16.3134,33.1031],[-16.3247,33.104],[-16.3334,33.099],[-16.3427,33.0976],[-16.3494,33.0922],[-16.3553,33.0903],[-16.3601,33.0831],[-16.3716,33.0814],[-16.3699,33.0773],[-16.3765,33.0759],[-16.3742,33.07],[-16.3804,33.0534],[-16.3887,33.0457]]],[[[-16.3821,33.0189],[-16.3888,33.0107],[-16.3926,33.0094],[-16.392,33.0029],[-16.3835,33.006],[-16.3812,33.0106],[-16.3821,33.0189]]],[[[-16.8075,32.6601],[-16.8037,32.6629],[-16.8016,32.6739],[-16.7935,32.685],[-16.7901,32.6877],[-16.7838,32.6877],[-16.7736,32.6911],[-16.7696,32.7005],[-16.7614,32.7071],[-16.765,32.7155],[-16.7558,32.7201],[-16.7536,32.7257],[-16.7486,32.7284],[-16.7452,32.735],[-16.7356,32.7358],[-16.7258,32.7423],[-16.7164,32.7427],[-16.7034,32.7389],[-16.699,32.7415],[-16.6964,32.7475],[-16.7095,32.7518],[-16.7183,32.7473],[-16.7374,32.7486],[-16.7449,32.7557],[-16.7659,32.7592],[-16.778,32.7577],[-16.7828,32.7594],[-16.7892,32.7662],[-16.798,32.7625],[-16.803,32.7653],[-16.8179,32.7688],[-16.8224,32.7681],[-16.8353,32.7866],[-16.8455,32.7885],[-16.8492,32.7943],[-16.8545,32.794],[-16.8597,32.7997],[-16.8606,32.8063],[-16.8738,32.8151],[-16.8823,32.8253],[-16.8868,32.8282],[-16.8976,32.83],[-16.9043,32.8363],[-16.9106,32.8365],[-16.923,32.8329],[-16.9489,32.8306],[-16.9609,32.8273],[-16.969,32.8266],[-16.9769,32.8282],[-16.983,32.8267],[-16.9916,32.8296],[-17.0009,32.8222],[-17.0073,32.821],[-17.0167,32.8154],[-17.0275,32.8151],[-17.04,32.8112],[-17.0443,32.8119],[-17.0507,32.8084],[-17.0717,32.8142],[-17.0819,32.8161],[-17.0922,32.8153],[-17.0998,32.818],[-17.1059,32.8268],[-17.1175,32.826],[-17.1252,32.8276],[-17.1368,32.8356],[-17.1409,32.8425],[-17.1495,32.8474],[-17.1514,32.8549],[-17.164,32.8622],[-17.167,32.8679],[-17.1714,32.8689],[-17.1782,32.8666],[-17.188,32.8697],[-17.1965,32.8702],[-17.2012,32.8674],[-17.2081,32.8586],[-17.2145,32.8561],[-17.2206,32.8482],[-17.2292,32.8412],[-17.2437,32.8331],[-17.2466,32.8274],[-17.2579,32.8184],[-17.2657,32.8152],[-17.2627,32.8091],[-17.2513,32.8019],[-17.2435,32.7829],[-17.2446,32.7732],[-17.2403,32.7678],[-17.2346,32.7642],[-17.2283,32.7546],[-17.2163,32.7463],[-17.2128,32.7372],[-17.1979,32.7304],[-17.1912,32.7249],[-17.1711,32.7181],[-17.1591,32.7116],[-17.1492,32.7084],[-17.1437,32.7037],[-17.1386,32.7034],[-17.1317,32.6992],[-17.127,32.6941],[-17.1207,32.6913],[-17.1039,32.6784],[-17.096,32.681],[-17.0867,32.6796],[-17.0719,32.6752],[-17.0646,32.6686],[-17.0611,32.6692],[-17.0497,32.6649],[-17.0426,32.6639],[-17.0306,32.6596],[-17.0261,32.6562],[-17.0163,32.6524],[-16.9985,32.6529],[-16.9944,32.6508],[-16.9871,32.6514],[-16.9746,32.6479],[-16.9716,32.6445],[-16.96,32.6432],[-16.9541,32.6413],[-16.9464,32.6331],[-16.9387,32.6359],[-16.9259,32.6372],[-16.9227,32.6411],[-16.9152,32.6427],[-16.9111,32.6459],[-16.8961,32.6471],[-16.8848,32.6462],[-16.87,32.6435],[-16.8523,32.6381],[-16.8469,32.6401],[-16.8295,32.642],[-16.8213,32.6503],[-16.8155,32.6513],[-16.8075,32.6601]]],[[[-16.4932,32.4462],[-16.4924,32.4366],[-16.4858,32.4251],[-16.4845,32.4188],[-16.4752,32.4082],[-16.4669,32.4077],[-16.4737,32.4162],[-16.4787,32.4186],[-16.4853,32.4285],[-16.4853,32.4364],[-16.4893,32.4498],[-16.4887,32.461],[-16.4922,32.4595],[-16.4932,32.4462]]]]},"properties":{"name":"Região Autónoma da Madeira"}},
{"type":"Feature","geometry":{"type":"MultiPolygon","coordinates":[[[[-25.0462,36.9841],[-25.0551,36.9887],[-25.0547,36.995],[-25.051,36.9978],[-25.0541,37.0111],[-25.0591,37.0153],[-25.0646,37.0159],[-25.0664,37.0113],[-25.0745,37.0098],[-25.0839,37.0127],[-25.0875,37.0166],[-25.1032,37.0107],[-25.109,37.0136],[-25.1102,37.0074],[-25.1193,37.0036],[-25.1288,37.0084],[-25.1339,37.0027],[-25.146,37.0074],[-25.1545,37.0082],[-25.1584,37.0046],[-25.1633,37.0063],[-25.1686,37.0044],[-25.1729,36.9986],[-25.1814,36.9974],[-25.1853,36.9857],[-25.1833,36.9807],[-25.1743,36.9686],[-25.1746,36.9636],[-25.1715,36.9552],[-25.1724,36.9515],[-25.1624,36.9421],[-25.1575,36.9399],[-25.1455,36.9455],[-25.1399,36.9397],[-25.1367,36.9426],[-25.1252,36.9468],[-25.1227,36.9452],[-25.1144,36.9503],[-25.103,36.952],[-25.0917,36.9495],[-25.0832,36.9445],[-25.0783,36.9356],[-25.0668,36.9286],[-25.0594,36.9309],[-25.0451,36.9294],[-25.028,36.9333],[-25.0181,36.9292],[-25.0171,36.9356],[-25.0132,36.9405],[-25.0217,36.9543],[-25.0161,36.9593],[-25.0202,36.9657],[-25.0268,36.9652],[-25.0298,36.9716],[-25.0409,36.9814],[-25.0462,36.9841]]],[[[-25.6777,37.7339],[-25.6718,37.7354],[-25.6671,37.7394],[-25.6534,37.7418],[-25.6483,37.7442],[-25.6382,37.7438],[-25.6308,37.7502],[-25.6233,37.7504],[-25.6074,37.7443],[-25.5959,37.7456],[-25.5839,37.7406],[-25.5745,37.741],[-25.5674,37.7436],[-25.5635,37.7391],[-25.5512,37.7312],[-25.5381,37.7243],[-25.5293,37.7157],[-25.5197,37.7175],[-25.5091,37.7074],[-25.4985,37.7096],[-25.4945,37.713],[-25.4826,37.7185],[-25.4716,37.716],[-25.4685,37.7131],[-25.4552,37.7164],[-25.4431,37.7117],[-25.4306,37.714],[-25.4252,37.7167],[-25.4204,37.7148],[-25.4105,37.7165],[-25.4066,37.7153],[-25.3884,37.7166],[-25.368,37.7136],[-25.3615,37.7192],[-25.3515,37.7244],[-25.3363,37.7247],[-25.3341,37.7263],[-25.3208,37.7254],[-25.3129,37.7304],[-25.3068,37.729],[-25.3036,37.7332],[-25.2942,37.7343],[-25.2762,37.744],[-25.2674,37.7458],[-25.252,37.7471],[-25.2453,37.7447],[-25.2367,37.7447],[-25.2243,37.7405],[-25.2175,37.7368],[-25.2058,37.7352],[-25.1997,37.7362],[-25.1946,37.7409],[-25.1863,37.7426],[-25.1732,37.7419],[-25.1608,37.7478],[-25.1497,37.7584],[-25.1411,37.7729],[-25.139,37.781],[-25.1437,37.7933],[-25.1417,37.8002],[-25.1342,37.8075],[-25.1396,37.8271],[-25.1472,37.8481],[-25.1648,37.8558],[-25.1739,37.8582],[-25.1809,37.857],[-25.1938,37.8596],[-25.2062,37.8589],[-25.2145,37.8562],[-25.2285,37.8538],[-25.2429,37.8538],[-25.2579,37.8584],[-25.2615,37.8627],[-25.2693,37.8592],[-25.2776,37.8604],[-25.2889,37.8555],[-25.2975,37.8551],[-25.3082,37.8575],[-25.3153,37.8623],[-25.3242,37.8626],[-25.3294,37.8533],[-25.337,37.8494],[-25.3505,37.8457],[-25.3604,37.8407],[-25.3703,37.8394],[-25.3854,37.833],[-25.3895,37.8357],[-25.3975,37.8331],[-25.4032,37.8273],[-25.4185,37.8275],[-25.4194,37.825],[-25.4291,37.825],[-25.4276,37.8299],[-25.4341,37.8326],[-25.4352,37.8277],[-25.4401,37.8232],[-25.4534,37.8276],[-25.4568,37.8229],[-25.4639,37.8263],[-25.4695,37.8248],[-25.4848,37.8351],[-25.4825,37.8394],[-25.491,37.8438],[-25.499,37.841],[-25.5083,37.834],[-25.5168,37.8312],[-25.5259,37.8236],[-25.5379,37.8212],[-25.5538,37.8155],[-25.5572,37.8179],[-25.577,37.8159],[-25.5821,37.8185],[-25.5862,37.8138],[-25.5929,37.8179],[-25.6114,37.8235],[-25.6154,37.8268],[-25.6282,37.8331],[-25.6395,37.8286],[-25.6504,37.8322],[-25.6638,37.8323],[-25.6711,37.8357],[-25.6758,37.8354],[-25.6808,37.84],[-25.6807,37.8449],[-25.6929,37.8446],[-25.6936,37.852],[-25.6977,37.8557],[-25.6987,37.864],[-25.7067,37.8684],[-25.7084,37.8769],[-25.7185,37.8869],[-25.7344,37.8906],[-25.738,37.8939],[-25.7558,37.901],[-25.7639,37.9057],[-25.7806,37.9105],[-25.7875,37.9089],[-25.7898,37.9043],[-25.8025,37.8968],[-25.8214,37.8997],[-25.8216,37.8914],[-25.8242,37.8856],[-25.8314,37.8781],[-25.8401,37.8774],[-25.84,37.8726],[-25.8468,37.8649],[-25.8546,37.8607],[-25.8513,37.8568],[-25.8513,37.8495],[-25.842,37.8357],[-25.8408,37.8282],[-25.8192,37.8156],[-25.8155,37.8101],[-25.8081,37.8075],[-25.8035,37.8037],[-25.7878,37.7984],[-25.7865,37.7946],[-25.7806,37.7918],[-25.7756,37.7828],[-25.768,37.7825],[-25.7618,37.7759],[-25.7517,37.772],[-25.74,37.7649],[-25.7313,37.7578],[-25.7296,37.7543],[-25.7162,37.7496],[-25.7125,37.744],[-25.7039,37.7386],[-25.6875,37.733],[-25.6777,37.7339]]],[[[-28.626,38.5339],[-28.6198,38.5427],[-28.6052,38.5436],[-28.6034,38.5488],[-28.6097,38.5549],[-28.6117,38.5614],[-28.6038,38.5696],[-28.6084,38.5793],[-28.6036,38.5892],[-28.5982,38.592],[-28.6042,38.5997],[-28.6132,38.6038],[-28.6217,38.611],[-28.6322,38.6142],[-28.6382,38.6139],[-28.6481,38.617],[-28.6618,38.6273],[-28.6619,38.6297],[-28.6847,38.6386],[-28.7038,38.6436],[-28.7149,38.6441],[-28.7269,38.6373],[-28.7371,38.6236],[-28.7486,38.6136],[-28.7571,38.6102],[-28.7685,38.613],[-28.7758,38.6104],[-28.7915,38.6117],[-28.8034,38.6106],[-28.8139,38.6082],[-28.8197,38.6035],[-28.8333,38.6037],[-28.8348,38.5993],[-28.8287,38.5976],[-28.828,38.5921],[-28.8221,38.5865],[-28.8103,38.5791],[-28.8008,38.5755],[-28.7964,38.5719],[-28.7808,38.565],[-28.7675,38.5665],[-28.7582,38.5593],[-28.7527,38.5472],[-28.7502,38.5338],[-28.7531,38.5219],[-28.7461,38.5241],[-28.7201,38.5173],[-28.709,38.5177],[-28.7021,38.5204],[-28.6926,38.5214],[-28.6785,38.5209],[-28.6733,38.523],[-28.6627,38.5219],[-28.6556,38.5239],[-28.6511,38.5223],[-28.6381,38.5248],[-28.6322,38.5243],[-28.6261,38.5186],[-28.6196,38.519],[-28.626,38.5339]]],[[[-27.1394,38.6446],[-27.1322,38.6442],[-27.1165,38.6473],[-27.1039,38.6444],[-27.0973,38.6485],[-27.0885,38.6426],[-27.0774,38.6442],[-27.0787,38.6491],[-27.075,38.658],[-27.0756,38.6706],[-27.0669,38.6759],[-27.0548,38.68],[-27.0579,38.6829],[-27.0466,38.6899],[-27.0416,38.6964],[-27.0427,38.7033],[-27.0502,38.7102],[-27.061,38.7145],[-27.0609,38.7285],[-27.0573,38.7316],[-27.0519,38.73],[-27.0482,38.7337],[-27.0496,38.7376],[-27.0565,38.7418],[-27.0605,38.7475],[-27.0609,38.7595],[-27.0683,38.7656],[-27.0747,38.7676],[-27.0909,38.7793],[-27.0998,38.7825],[-27.1034,38.7857],[-27.1111,38.7855],[-27.1297,38.7811],[-27.1322,38.7862],[-27.1428,38.7856],[-27.1533,38.7866],[-27.1642,38.7914],[-27.1785,38.7938],[-27.1823,38.7964],[-27.1887,38.794],[-27.1918,38.7965],[-27.2024,38.7957],[-27.2141,38.8005],[-27.2159,38.7934],[-27.2254,38.7932],[-27.2294,38.7914],[-27.2327,38.798],[-27.2452,38.7982],[-27.2559,38.8033],[-27.2601,38.8],[-27.2678,38.8021],[-27.2873,38.8012],[-27.2969,38.7988],[-27.3053,38.7991],[-27.3317,38.794],[-27.3589,38.7808],[-27.366,38.775],[-27.3705,38.7657],[-27.3733,38.7553],[-27.3794,38.7465],[-27.3783,38.7319],[-27.3744,38.7262],[-27.3689,38.707],[-27.3624,38.7014],[-27.3517,38.6875],[-27.3388,38.6805],[-27.3326,38.6787],[-27.321,38.672],[-27.3113,38.6693],[-27.2976,38.6622],[-27.2865,38.6549],[-27.2806,38.6558],[-27.2769,38.6523],[-27.2672,38.657],[-27.2602,38.6548],[-27.2489,38.6569],[-27.2432,38.655],[-27.2299,38.6558],[-27.2289,38.6499],[-27.233,38.6426],[-27.2253,38.6391],[-27.2175,38.6423],[-27.2224,38.6506],[-27.22,38.654],[-27.212,38.6511],[-27.2065,38.6548],[-27.1936,38.6515],[-27.1868,38.6545],[-27.18,38.6522],[-27.173,38.6548],[-27.1647,38.6535],[-27.1557,38.648],[-27.1394,38.6446]]],[[[-31.1141,39.6692],[-31.1037,39.6753],[-31.0934,39.6833],[-31.0872,39.6865],[-31.0833,39.6961],[-31.0822,39.7069],[-31.088,39.7192],[-31.0927,39.7198],[-31.1027,39.7254],[-31.1153,39.7242],[-31.1246,39.7122],[-31.1288,39.7023],[-31.1266,39.6931],[-31.1188,39.6851],[-31.1171,39.6798],[-31.1237,39.6743],[-31.1193,39.6696],[-31.1141,39.6692]]],[[[-31.2309,39.3711],[-31.2247,39.3722],[-31.2206,39.3758],[-31.2042,39.373],[-31.1925,39.3728],[-31.1725,39.3769],[-31.1682,39.3827],[-31.1603,39.3855],[-31.1598,39.3928],[-31.1527,39.3991],[-31.1482,39.4081],[-31.1507,39.4181],[-31.1487,39.4235],[-31.1422,39.4259],[-31.1433,39.4374],[-31.1383,39.4437],[-31.1272,39.4497],[-31.1248,39.4539],[-31.1261,39.4617],[-31.1298,39.4643],[-31.1362,39.4632],[-31.142,39.4716],[-31.1487,39.4751],[-31.1481,39.4807],[-31.155,39.4936],[-31.1541,39.499],[-31.1587,39.5024],[-31.1662,39.4984],[-31.173,39.4976],[-31.1798,39.5017],[-31.1871,39.5019],[-31.2024,39.5083],[-31.2037,39.5142],[-31.2136,39.5203],[-31.237,39.5206],[-31.2327,39.5144],[-31.2433,39.4995],[-31.2578,39.4889],[-31.2588,39.4605],[-31.266,39.459],[-31.2686,39.4512],[-31.2639,39.4474],[-31.26,39.4364],[-31.2648,39.4281],[-31.263,39.419],[-31.252,39.406],[-31.2592,39.3981],[-31.2562,39.3946],[-31.2565,39.3885],[-31.2478,39.3756],[-31.2373,39.3744],[-31.2309,39.3711]]],[[[-27.9487,39.0213],[-27.9563,39.0401],[-27.9648,39.0445],[-27.9706,39.051],[-27.9702,39.0575],[-27.9771,39.0608],[-27.9778,39.0652],[-27.9905,39.082],[-27.9955,39.0824],[-27.996,39.0875],[-28.005,39.0866],[-28.0128,39.0921],[-28.0194,39.0944],[-28.0337,39.097],[-28.0445,39.0956],[-28.055,39.088],[-28.0537,39.0833],[-28.0709,39.0702],[-28.071,39.0655],[-28.0556,39.0525],[-28.0509,39.0402],[-28.0472,39.0344],[-28.0387,39.026],[-28.0324,39.0221],[-28.0179,39.0246],[-28.0086,39.0244],[-28.0079,39.0209],[-27.9995,39.0178],[-27.9987,39.0144],[-27.9878,39.0116],[-27.9772,39.0114],[-27.9702,39.0086],[-27.958,39.0129],[-27.9487,39.0176],[-27.9487,39.0213]]],[[[-28.0662,38.4444],[-28.0759,38.4463],[-28.0801,38.4453],[-28.1042,38.4489],[-28.1156,38.4488],[-28.1338,38.4509],[-28.1433,38.4554],[-28.1653,38.4573],[-28.1713,38.4565],[-28.1809,38.4627],[-28.1916,38.4626],[-28.2009,38.4758],[-28.2088,38.4802],[-28.2172,38.4815],[-28.2322,38.4872],[-28.2365,38.4905],[-28.2407,38.498],[-28.2478,38.4991],[-28.2572,38.4969],[-28.2614,38.4991],[-28.2695,38.4991],[-28.2818,38.507],[-28.2909,38.5055],[-28.2966,38.5074],[-28.3082,38.5222],[-28.3169,38.5245],[-28.3235,38.532],[-28.3297,38.5363],[-28.3436,38.5394],[-28.3484,38.5426],[-28.363,38.5479],[-28.3686,38.5512],[-28.3806,38.5528],[-28.3883,38.5578],[-28.3988,38.5581],[-28.4144,38.5613],[-28.432,38.5573],[-28.4464,38.5574],[-28.4481,38.5552],[-28.4672,38.56],[-28.4771,38.5605],[-28.4822,38.5581],[-28.5018,38.5533],[-28.5193,38.5455],[-28.5226,38.5392],[-28.5294,38.538],[-28.5371,38.5298],[-28.5419,38.5088],[-28.5392,38.4982],[-28.5407,38.4948],[-28.5396,38.4852],[-28.5286,38.4702],[-28.5213,38.4651],[-28.5188,38.4567],[-28.5152,38.4512],[-28.4994,38.4451],[-28.4795,38.4357],[-28.4645,38.4328],[-28.4465,38.4209],[-28.4417,38.42],[-28.4261,38.4215],[-28.4199,38.4272],[-28.4108,38.4278],[-28.4022,38.4257],[-28.3934,38.4209],[-28.3636,38.4123],[-28.3517,38.4158],[-28.3381,38.4133],[-28.3308,38.4145],[-28.3193,38.4116],[-28.2991,38.4109],[-28.2918,38.4126],[-28.2726,38.4124],[-28.2597,38.4073],[-28.2562,38.4036],[-28.2559,38.391],[-28.2439,38.3838],[-28.2377,38.3824],[-28.2286,38.3846],[-28.2065,38.3942],[-28.1969,38.395],[-28.1869,38.4067],[-28.1722,38.4095],[-28.1569,38.4072],[-28.1453,38.4083],[-28.1372,38.4063],[-28.118,38.4061],[-28.1052,38.4034],[-28.0934,38.3997],[-28.0812,38.3996],[-28.0774,38.404],[-28.0671,38.4025],[-28.0534,38.4079],[-28.0491,38.4073],[-28.0293,38.4115],[-28.0283,38.4157],[-28.0318,38.4249],[-28.0351,38.4288],[-28.0429,38.4307],[-28.0468,38.4346],[-28.0557,38.4381],[-28.056,38.442],[-28.0662,38.4444]]],[[[-27.8129,38.5774],[-27.8229,38.579],[-27.8338,38.586],[-27.8471,38.5907],[-27.8572,38.5963],[-27.9031,38.6145],[-27.9161,38.6157],[-27.9238,38.6212],[-27.9271,38.6272],[-27.9348,38.6266],[-27.942,38.6316],[-27.9611,38.6376],[-27.9637,38.643],[-27.9766,38.6439],[-27.9933,38.6577],[-28.0046,38.6604],[-28.0175,38.667],[-28.0235,38.6718],[-28.0371,38.6709],[-28.0567,38.6768],[-28.0673,38.6781],[-28.0785,38.6812],[-28.0928,38.6891],[-28.1036,38.6922],[-28.1174,38.693],[-28.1209,38.6973],[-28.1346,38.6991],[-28.144,38.7062],[-28.1606,38.7091],[-28.1659,38.7117],[-28.1763,38.7135],[-28.1875,38.7189],[-28.1976,38.7201],[-28.2022,38.7224],[-28.2327,38.7308],[-28.237,38.7341],[-28.2537,38.7396],[-28.2624,38.7449],[-28.2795,38.7485],[-28.2878,38.7519],[-28.2974,38.7526],[-28.3121,38.7557],[-28.3165,38.753],[-28.3043,38.746],[-28.2983,38.7384],[-28.2784,38.7227],[-28.2686,38.7158],[-28.2553,38.7098],[-28.25,38.7093],[-28.2419,38.705],[-28.2305,38.7014],[-28.2248,38.6918],[-28.219,38.6903],[-28.2207,38.6846],[-28.2099,38.6773],[-28.2016,38.6804],[-28.1951,38.674],[-28.1946,38.6699],[-28.1845,38.6644],[-28.1752,38.6628],[-28.1491,38.6497],[-28.1412,38.6483],[-28.1344,38.6449],[-28.1274,38.644],[-28.1207,38.6376],[-28.1135,38.6375],[-28.1048,38.6321],[-28.0915,38.6312],[-28.0758,38.6268],[-28.0699,38.628],[-28.0545,38.6215],[-28.0401,38.6126],[-28.0348,38.6071],[-28.024,38.6015],[-28.0153,38.5999],[-28.0082,38.6007],[-27.9937,38.5962],[-27.9771,38.5943],[-27.9707,38.5968],[-27.9555,38.5901],[-27.9419,38.5891],[-27.9363,38.5847],[-27.9222,38.5779],[-27.9195,38.5737],[-27.9018,38.5652],[-27.8886,38.5625],[-27.8767,38.5556],[-27.8669,38.5527],[-27.862,38.547],[-27.8558,38.5451],[-27.8362,38.5361],[-27.829,38.5337],[-27.7946,38.5352],[-27.7866,38.5371],[-27.7738,38.5362],[-27.7647,38.5392],[-27.7529,38.5483],[-27.77,38.5588],[-27.7764,38.5643],[-27.7892,38.567],[-27.801,38.5741],[-27.8129,38.5774]]]]},"properties":{"name":"Região Autónoma dos Açores"}}
]}